pdf,sn,NP,bacteria,drug,method,value_drug,value_np,value_combined,FIC,page,table_id,row_id,evidence_id,source_text,extractor,confidence
swolana2020.pdf,6374,Ag,Staphylococcus aureus,NOT_DETECTED,MIC,,2,,,4,,text-1,swolana2020:rule-1,"Nanomaterials2020,10,1010 4of12 with the percentage reduction of micro-organisms being determined in reference to S.",synergy.text_rules,0.58
swolana2020.pdf,6375,Ag,Staphylococcus aureus,NOT_DETECTED,MIC,,2,,,4,,text-2,swolana2020:rule-2,"Nanomaterials2020,10,1010 4of12 with the percentage reduction of micro-organisms being determined in reference to S. epidermidis Nsatrnaominatserniaolst 2e0x20p, o10s,e xd tonanosilver(Figure1).",synergy.text_rules,0.58
swolana2020.pdf,6376,Ag,Staphylococcus aureus,NOT_DETECTED,MIC,,2,,,4,,text-3,swolana2020:rule-3,"epidermidis Nsatrnaominatserniaolst 2e0x20p, o10s,e xd tonanosilver(Figure1). Thehighestpercentageofreductionformicro-o4r gofa 1n2i sms wasobservedinthecaseofAgNPshavingthesizeof10nm;inthecaseoftheS.epidermidisATCC micro-organisms was observed in the case of AgNPs having the size of 10 nm;",synergy.text_rules,0.58
swolana2020.pdf,6377,Ag,Staphylococcus aureus,NOT_DETECTED,MIC,,2,,,4,,text-4,swolana2020:rule-4,Thehighestpercentageofreductionformicro-o4r gofa 1n2i sms wasobservedinthecaseofAgNPshavingthesizeof10nm;inthecaseoftheS.epidermidisATCC micro-organisms was observed in the case of AgNPs having the size of 10 nm; in the case of the S.,synergy.text_rules,0.58
swolana2020.pdf,6378,Ag,Staphylococcus aureus,NOT_DETECTED,MIC,,2,,,4,,text-5,swolana2020:rule-5,"InthecaseofbiggerAgNPs, epidermidis ATCC 12228 strain not forming biofilm, the reduction reached as high as 76%. In the case thereductionpercentagewithrespecttomicro-organismswaslessprofound(upto58%)andwas of bigger AgNPs, the reduction percentage with respect to micro-organisms was less profound (up morepronouncedforstrainsthatformedbiofilm.",synergy.text_rules,0.58
swolana2020.pdf,6379,Ag,Staphylococcus aureus,NOT_DETECTED,MIC,,2,,,4,,text-6,swolana2020:rule-6,"In the case thereductionpercentagewithrespecttomicro-organismswaslessprofound(upto58%)andwas of bigger AgNPs, the reduction percentage with respect to micro-organisms was less profound (up morepronouncedforstrainsthatformedbiofilm. to 58%) and was more pronounced for strains that formed biofilm.",synergy.text_rules,0.58
swolana2020.pdf,6380,Ag,Staphylococcus aureus,NOT_DETECTED,MIC,,2,,,4,,text-7,swolana2020:rule-7,".GGrorwowtht hrerdeudcuticotino nin icnacsea soef oSf. Sep.iedpeirdmeridmisi dsitsrasitnras isnusbsjeucbtejedc tteod AtgoNAPgsN, pPasr,tipcaler tsicizlee s1i0z enm10 nm ((AA),) ,2200 nnmm (B(B),) ,404 0nmnm (C(C), )6,06 0nmnm (D()D, 1),0100 n0mn m(E)(.E T).hTe hheishtoisgtroagmrsa mprsopvirdoev itdhee tph-veaplu-veas loubetsaionbetda ibnye dby AANNOOVVAA aannaalylyssisis.",synergy.text_rules,0.58
swolana2020.pdf,6381,Ag,Staphylococcus aureus,NOT_DETECTED,MIC,,2,,,4,,text-8,swolana2020:rule-8,"Sep.iedpeirdmeridmisi dsitsrasitnras isnusbsjeucbtejedc tteod AtgoNAPgsN, pPasr,tipcaler tsicizlee s1i0z enm10 nm ((AA),) ,2200 nnmm (B(B),) ,404 0nmnm (C(C), )6,06 0nmnm (D()D, 1),0100 n0mn m(E)(.E T).hTe hheishtoisgtroagmrsa mprsopvirdoev itdhee tph-veaplu-veas loubetsaionbetda ibnye dby AANNOOVVAA aannaalylyssisis. .PPosots-th-ohco ccocmompapraisroisno rnesruesltusl t(sD(uDnunnetnte ttetstte, spt <, p0.",synergy.text_rules,0.58
swolana2020.pdf,6382,Ag,Staphylococcus aureus,NOT_DETECTED,MIC,,2,,,4,,text-9,swolana2020:rule-9,"< 050),. 0a5r)e, sauremsmuamrimzeadri wzeidthw asittheraissktes risks ttoo uunnddeerlrilnine eththe emmosots rterleelveavnatn dtidffie ff reernecnecse isn iAngA-Ng-PN-tPre-tarteeadt esdamsapmleps lwesitwh irtehspreescpt etoc tthtoe tchoentcroonl.t rol.",synergy.text_rules,0.58
swolana2020.pdf,6383,Ag,Staphylococcus aureus,NOT_DETECTED,MIC,,2,,,4,,text-10,swolana2020:rule-10,"0a5r)e, sauremsmuamrimzeadri wzeidthw asittheraissktes risks ttoo uunnddeerlrilnine eththe emmosots rterleelveavnatn dtidffie ff reernecnecse isn iAngA-Ng-PN-tPre-tarteeadt esdamsapmleps lwesitwh irtehspreescpt etoc tthtoe tchoentcroonl.t rol. TThhee aasssseesssmsmenent tofo fcocnocnecnetnratrtaiotnio ninfilnufleunecen cuepuopn otnhet haentai-nbtai-cbtearcitael raiacltiavcittyiv oitfy AogfNAPgsN wPass walasso also ssttuuddieiedd bbyy YYuu-G-Guuoo ete tala.",synergy.text_rules,0.58
swolana2020.pdf,6384,Ag,Staphylococcus aureus,NOT_DETECTED,MIC,,2,,,4,,text-11,swolana2020:rule-11,l.[2[22]2. ]T.hTeh aeuathuotrhso ersxaemxainmedin ethde tihnefluineflnucee nocf eAogfNAPgs NoPn sSo.,synergy.text_rules,0.58
swolana2020.pdf,6385,Ag,Staphylococcus aureus,NOT_DETECTED,MIC,,2,,,4,,text-12,swolana2020:rule-12,]T.hTeh aeuathuotrhso ersxaemxainmedin ethde tihnefluineflnucee nocf eAogfNAPgs NoPn sSo. nauSre.uasu arenuds Pa.n d P.,synergy.text_rules,0.58
swolana2020.pdf,6386,Ag,Staphylococcus aureus,NOT_DETECTED,MIC,,2,,,4,,text-13,swolana2020:rule-13,nauSre.uasu arenuds Pa.n d P. aaeerruuggininoosasa sstrtarainins.s T.hTehier irrerseuslutsl tcsocnofinrfimremd etdhet hdeosdeo-dsee-pdeenpdeenndt eenffteect ff eexcetretxeedr bteyd AbgyNAPgs NonP sbaocntebraiac.t eria.,synergy.text_rules,0.58
swolana2020.pdf,6387,Ag,Staphylococcus aureus,NOT_DETECTED,MIC,,2,,,4,,text-14,swolana2020:rule-14,aaeerruuggininoosasa sstrtarainins.s T.hTehier irrerseuslutsl tcsocnofinrfimremd etdhet hdeosdeo-dsee-pdeenpdeenndt eenffteect ff eexcetretxeedr bteyd AbgyNAPgs NonP sbaocntebraiac.t eria. In the case of S.,synergy.text_rules,0.58
swolana2020.pdf,6388,Ag,Staphylococcus aureus,NOT_DETECTED,MIC,,2,,,4,,text-15,swolana2020:rule-15,"In the case of S. aureus strain, the MIC value was 2 ¬µg/mL, whereas the MBC (minimal bactericidal concentration) was twice as high, and amounted to 4 ¬µg/mL.",synergy.text_rules,0.58
swolana2020.pdf,6389,Ag,Pseudomonas aeruginosa,NOT_DETECTED,MIC,,2,,,4,,text-16,swolana2020:rule-16,"aureus strain, the MIC value was 2 ¬µg/mL, whereas the MBC (minimal bactericidal concentration) was twice as high, and amounted to 4 ¬µg/mL. For the Pseudomonas aeruginosa strain, both values were lower by half, which supports the notion of greater potency of AgNPs towards cells Nanomaterials 2020, 10, x;",synergy.text_rules,0.58
swolana2020.pdf,6390,Ag,Pseudomonas aeruginosa,NOT_DETECTED,MIC,,2,,,4,,text-17,swolana2020:rule-17,"For the Pseudomonas aeruginosa strain, both values were lower by half, which supports the notion of greater potency of AgNPs towards cells Nanomaterials 2020, 10, x; doi: www.mdpi.com/journal/nanomaterials",synergy.text_rules,0.58
swolana2020.pdf,6391,Ag,Staphylococcus aureus,NOT_DETECTED,MIC,,7,,,7,,text-1,swolana2020:rule-18,"Changes of absorbance in Alamar Blue test for the strain S. epidermidis ATCC 35984, exposed to ttohet haectiavcittiyv iotyf noafnnoasnilovseirl vpearrtpicalretsi cwleisthw siitzhess iozfe 1s0o nfm10 annmd aa cnodnacecnotnracteinotnr aotfi o7n ¬µogf/m7L¬µ gbe/mtwLeebnet twhee en to the activity of nanosilver particles with sizes of 10 nm and a concentration of 7 ¬µg/mL between the 12tthh ean12dt h24atnhd h2o4utrh (Œªho =u 6r0(0Œª n=m6)0.",synergy.text_rules,0.58
swolana2020.pdf,6392,Ag,Staphylococcus aureus,NOT_DETECTED,MIC,,7,,,7,,text-2,swolana2020:rule-19,xposed to ttohet haectiavcittiyv iotyf noafnnoasnilovseirl vpearrtpicalretsi cwleisthw siitzhess iozfe 1s0o nfm10 annmd aa cnodnacecnotnracteinotnr aotfi o7n ¬µogf/m7L¬µ gbe/mtwLeebnet twhee en to the activity of nanosilver particles with sizes of 10 nm and a concentration of 7 ¬µg/mL between the 12tthh ean12dt h24atnhd h2o4utrh (Œªho =u 6r0(0Œª n=m6)0. 0nm).,synergy.text_rules,0.58
swolana2020.pdf,6393,Ag,Staphylococcus aureus,NOT_DETECTED,MIC,,7,,,7,,text-3,swolana2020:rule-20,0nm). 12th and 24th hour (Œª = 600 nm).,synergy.text_rules,0.58
swolana2020.pdf,6394,Ag,Staphylococcus aureus,NOT_DETECTED,MIC,,7,,,7,,text-4,swolana2020:rule-21,12th and 24th hour (Œª = 600 nm). Figure5.,synergy.text_rules,0.58
swolana2020.pdf,6395,Ag,Staphylococcus aureus,NOT_DETECTED,MIC,,7,,,7,,text-5,swolana2020:rule-22,"epidermidis ATCC 12228, exposed tFoigthuerea c5t. iCvihtaynogfens aonf oasbislovrebrapnacret iicnl eAslawmitahr sBilzuees toefst1 f0orn tmhea sntdraianc So.n ecpeidnetrrmatiidoisn AoTfC7C¬µ g1/2m22L8,b eextwpoeseend to the activity of nanosilver particles with sizes of 10 nm and a concentration of 7 ¬µg/mL between the tthoe t1h2et hacatinvdit2y4 othf nhaonuors(i Œª lve = r 6p0a0rtnicmle)s.",synergy.text_rules,0.58
swolana2020.pdf,6396,Ag,Staphylococcus aureus,NOT_DETECTED,MIC,,7,,,7,,text-6,swolana2020:rule-23,"iCvihtaynogfens aonf oasbislovrebrapnacret iicnl eAslawmitahr sBilzuees toefst1 f0orn tmhea sntdraianc So.n ecpeidnetrrmatiidoisn AoTfC7C¬µ g1/2m22L8,b eextwpoeseend to the activity of nanosilver particles with sizes of 10 nm and a concentration of 7 ¬µg/mL between the tthoe t1h2et hacatinvdit2y4 othf nhaonuors(i Œª lve = r 6p0a0rtnicmle)s. with sizes of 10 nm and a concentration of 7 ¬µg/mL between the 12th and 24th hour (Œª = 600 nm).",synergy.text_rules,0.58
swolana2020.pdf,6397,Ag,Staphylococcus aureus,NOT_DETECTED,MIC,,7,,,7,,text-7,swolana2020:rule-24,with sizes of 10 nm and a concentration of 7 ¬µg/mL between the 12th and 24th hour (Œª = 600 nm). 12th and 24th hour (Œª = 600 nm).,synergy.text_rules,0.58
swolana2020.pdf,6398,Ag,Staphylococcus aureus,NOT_DETECTED,viability (%),,7,,,7,,text-8,swolana2020:rule-25,"12th and 24th hour (Œª = 600 nm). ViabilityassessmentwiththeuseoftheAlamarBluetestdemonstratedtheinhibitingactionof Viability assessment with the use of the Alamar Blue test demonstrated the inhibiting action of AgNPVsi,afboirliatyll aesxsaemssimneednts twraitihn st.hFeo ursbei oofif ltmhe- fAorlamminagr Bstlruaei ntess,tt hdeembaocntesrtrioastetadt itchaec itnivhiitbyitoinfgA agcNtiPosn aotf Ag aA N cg P oNn s, cP f es o n, r tf r a oa l rt l i ao e l x nl a eo m xfa i 2 n m¬µ e i d gn / e s md tr L a st i d n rae s ci .",synergy.text_rules,0.58
swolana2020.pdf,6399,Ag,Staphylococcus aureus,NOT_DETECTED,MIC,,7,,,7,,text-9,swolana2020:rule-26,"monstrated the inhibiting action of AgNPVsi,afboirliatyll aesxsaemssimneednts twraitihn st.hFeo ursbei oofif ltmhe- fAorlamminagr Bstlruaei ntess,tt hdeembaocntesrtrioastetadt itchaec itnivhiitbyitoinfgA agcNtiPosn aotf Ag aA N cg P oNn s, cP f es o n, r tf r a oa l rt l i ao e l x nl a eo m xfa i 2 n m¬µ e i d gn / e s md tr L a st i d n rae s ci . n r F es o a.",synergy.text_rules,0.58
swolana2020.pdf,6400,Ag,Staphylococcus aureus,NOT_DETECTED,MIC,,7,,,7,,text-10,swolana2020:rule-27,"n r F es o a. r sF e b odr io eb f v i i l oe m fni - la f m o ft r -ef m orr i t n mh g ei n1 s g t 4 r t a sht in rha s oi , n u t s h r, e ot fh b ee a x c ba t a e mc ri ti o enr s ai t to a is t o i tn c a .t a iT c c t ha iv ec i tm t i y vo i o tsyt f p A orf g o A N ngo P Nu s n P a c t se dat a c a o ac n cti c ov e ni n tcy t e r n a a t t ffi r o ae n tci to o inn f g 2 o f ¬µ b 2 g io / ¬µ m figl L /mm d -Lf e o c dr r me e c a ir s ne e ga d s se e td v ra e ei n vn e a sn ft w e a r af ts t e h ro e tb h 1 s 4 ee t r1 h v4 h ethd o u hf r oo u o r f rt e ho x fe a e m cxoa i n n mc a ei t n i n o at n tria .",synergy.text_rules,0.58
swolana2020.pdf,6401,Ag,Staphylococcus aureus,NOT_DETECTED,MIC,,7,,,7,,text-11,swolana2020:rule-28,o P Nu s n P a c t se dat a c a o ac n cti c ov e ni n tcy t e r n a a t t ffi r o ae n tci to o inn f g 2 o f ¬µ b 2 g io / ¬µ m figl L /mm d -Lf e o c dr r me e c a ir s ne e ga d s se e td v ra e ei n vn e a sn ft w e a r af ts t e h ro e tb h 1 s 4 ee t r1 h v4 h ethd o u hf r oo u o r f rt e ho x fe a e m cxoa i n n mc a ei t n i n o at n tria . o t T nio h .,synergy.text_rules,0.58
swolana2020.pdf,6402,Ag,Staphylococcus aureus,NOT_DETECTED,viability (%),,7,,,7,,text-12,swolana2020:rule-29,"o t T nio h . n e T h m oef o m s 7 t o ¬µ p sg r t o/ pm n r o oL u n, n ow c u e hn d ec reed activity affecting biofilm-forming strains was observed for the concentration of 7 ¬µg/mL, where after aafctteirvi2t2y‚Äì a2f4fehctoinfgi nbvioefsitlimga-ftoiormnsi,nngo stvriaaibnisl iwtyaso fobthseerevxeadm foinr ethdeb cioonficlmen-tfroartmioinn ogf s7t r¬µagin/ms wL,a wshdeertee catfetedr 22‚Äì24 h of investigations, no viability of the examined biofilm-forming strains was detected (Figures (2F2ig‚Äì2u4r ehs o3f‚Äì i5n)v.eTsthiegaatsiosensss, mnoe nvtiaobfiltihtye ovfi athbiel ietxyaomfisnterdai nbisoefixlmpo-sfoertmoiAngg NstrPasinws awsaasl sdoetpeecrtefodr m(Feigdubreys 3‚Äì5).",synergy.text_rules,0.58
swolana2020.pdf,6403,Ag,Staphylococcus aureus,NOT_DETECTED,viability (%),,7,,,7,,text-13,swolana2020:rule-30,"en-tfroartmioinn ogf s7t r¬µagin/ms wL,a wshdeertee catfetedr 22‚Äì24 h of investigations, no viability of the examined biofilm-forming strains was detected (Figures (2F2ig‚Äì2u4r ehs o3f‚Äì i5n)v.eTsthiegaatsiosensss, mnoe nvtiaobfiltihtye ovfi athbiel ietxyaomfisnterdai nbisoefixlmpo-sfoertmoiAngg NstrPasinws awsaasl sdoetpeecrtefodr m(Feigdubreys 3‚Äì5). The assessment of the viability of strains expose to AgNPs was also performed by Yu-Guo et al.",synergy.text_rules,0.58
swolana2020.pdf,6404,Ag,Staphylococcus aureus,NOT_DETECTED,viability (%),,7,,,7,,text-14,swolana2020:rule-31,"The assessment of the viability of strains expose to AgNPs was also performed by Yu-Guo et al. Y3u‚Äì-5G).u Toheet aasls.e[2ss2m].eInntt ohfe itrhset uvidaibeisl,ittyh eoyf satnraaliynzse edxpthoesev itaob AiligtNyPofs Sw.aasu raelusso cpeellrsfoarfmteredth beya Yppul-iGcautoio ent oafl.",synergy.text_rules,0.58
swolana2020.pdf,6405,Ag,Staphylococcus aureus,NOT_DETECTED,viability (%),,7,,,7,,text-15,swolana2020:rule-32,"[22]. In their studies, they analyzed the viability of S.",synergy.text_rules,0.58
swolana2020.pdf,6406,Ag,Staphylococcus aureus,NOT_DETECTED,viability (%),,7,,,7,,text-16,swolana2020:rule-33,"In their studies, they analyzed the viability of S. aureus cells after the application of silver s[i2lv2e].r Inna nthoepiarr tsitculedsiews,i ththaeyp aarntiacllyezseidze tohfea vboiaubtil1i3tyn mof.",synergy.text_rules,0.58
swolana2020.pdf,6407,nanoparticle,Staphylococcus aureus,NOT_DETECTED,MIC,,7,,,7,,text-17,swolana2020:rule-34,"aureus cells after the application of silver s[i2lv2e].r Inna nthoepiarr tsitculedsiews,i ththaeyp aarntiacllyezseidze tohfea vboiaubtil1i3tyn mof. ST.h aeurreesuusl tcseellvse nafdteerm tohne satrpaptelidcaatiroend uocft iosinlvienr nanoparticles with a particle size of about 13 nm.",synergy.text_rules,0.58
swolana2020.pdf,6408,nanoparticle,Staphylococcus aureus,NOT_DETECTED,viability (%),,7,,,7,,text-18,swolana2020:rule-35,"ST.h aeurreesuusl tcseellvse nafdteerm tohne satrpaptelidcaatiroend uocft iosinlvienr nanoparticles with a particle size of about 13 nm. The results even demonstrated a reduction in vniaanbiolpitayritnictlehse wcaisteh oaf Sp.aarutircelues sciezlels ,offr oambouthte 143t hntmo.2 T4thhe hroeusurlatfst eervaepnp dliecmatioonnstorfaAtegdN aP rse.duction in viability in the case of S.",synergy.text_rules,0.58
swolana2020.pdf,6409,Ag,Staphylococcus aureus,NOT_DETECTED,viability (%),,7,,,7,,text-19,swolana2020:rule-36,"The results even demonstrated a reduction in vniaanbiolpitayritnictlehse wcaisteh oaf Sp.aarutircelues sciezlels ,offr oambouthte 143t hntmo.2 T4thhe hroeusurlatfst eervaepnp dliecmatioonnstorfaAtegdN aP rse.duction in viability in the case of S. aureus cells, from the 4th to 24th hour after application of AgNPs.",synergy.text_rules,0.58
swolana2020.pdf,6410,Ag,Staphylococcus aureus,NOT_DETECTED,viability (%),,7,,,7,,text-20,swolana2020:rule-37,"aureus cells, from the 4th to 24th hour after application of AgNPs. viability in the case of S.",synergy.text_rules,0.58
swolana2020.pdf,6411,Ag,Staphylococcus aureus,NOT_DETECTED,viability (%),,7,,,7,,text-21,swolana2020:rule-38,"viability in the case of S. aureus cells, from the 4th to 24th hour after application of AgNPs.",synergy.text_rules,0.58
swolana2020.pdf,6412,Ag,Staphylococcus aureus,NOT_DETECTED,MIC,,7,,,7,,text-22,swolana2020:rule-39,"Evaluation of AgNPs Cytotoxicity Toward Eucariotic Fibroblast Cells of the GM03348 Line 2.4. ETvoaeluvaatliuonat oef tAhegNcyPtso CtoyxtioctiotxyicoiftyA TgoNwPasrdt oEwuacarrdisoteicu kFaibrryoobtliacstc eClelsll,sw ofe tahse sGesMse0d33th48e Leffineec tofAgNPs wit T h o s e iz v e a s lu o a f t 1 e 0 th n e m cy a t n o d to 2 x 0 ic n i m ty ( o a f c A tiv g e N t P o s w to ar w d a s r a d l s l t e h u e k s a t r r y a o in ti s c e c x e a ll m s, i w ne e d a ) s a s t e a ss c e o d n t c h e e n t e r f a fe ti c o t n o o f f A 5 g¬µN g P/m s L To evaluate the cytotoxicity of AgNPs towards eukaryotic cells, we assessed the effect of AgNPs with sizes of 10 nm and 20 nm (active towards all the strains examined) at a concentration of 5 ¬µg/mL (MICvalue)onfibroblastcellsoftheGM03348line.",synergy.text_rules,0.58
swolana2020.pdf,6413,Ag,Staphylococcus aureus,NOT_DETECTED,MIC,,5,,,7,,text-23,swolana2020:rule-40,"m s, i w ne e d a ) s a s t e a ss c e o d n t c h e e n t e r f a fe ti c o t n o o f f A 5 g¬µN g P/m s L To evaluate the cytotoxicity of AgNPs towards eukaryotic cells, we assessed the effect of AgNPs with sizes of 10 nm and 20 nm (active towards all the strains examined) at a concentration of 5 ¬µg/mL (MICvalue)onfibroblastcellsoftheGM03348line. Inthecellculture,thecellswerespindle-shaped with sizes of 10 nm and 20 nm (active towards all the strains examined) at a concentration of 5 ¬µg/mL (MIC value) on fibroblast cells of the GM03348 line.",synergy.text_rules,0.58
swolana2020.pdf,6414,Ag,Staphylococcus aureus,NOT_DETECTED,MIC,,5,,,7,,text-24,swolana2020:rule-41,"Inthecellculture,thecellswerespindle-shaped with sizes of 10 nm and 20 nm (active towards all the strains examined) at a concentration of 5 ¬µg/mL (MIC value) on fibroblast cells of the GM03348 line. In the cell culture, the cells were spindle-shaped andcharacterizedbyshortcytoplasmaticprocesses(Figure6A).Agranularcytoplasmwasuniformly (MIC value) on fibroblast cells of the GM03348 line.",synergy.text_rules,0.58
swolana2020.pdf,6415,Ag,Staphylococcus aureus,NOT_DETECTED,MIC,,7,,,7,,text-25,swolana2020:rule-42,"In the cell culture, the cells were spindle-shaped andcharacterizedbyshortcytoplasmaticprocesses(Figure6A).Agranularcytoplasmwasuniformly (MIC value) on fibroblast cells of the GM03348 line. In the cell culture, the cells were spindle-shaped and characterized by short cytoplasmatic processes (Figure 6A).",synergy.text_rules,0.58
swolana2020.pdf,6416,Ag,NOT_DETECTED,NOT_DETECTED,MIC,,5,,,9,,text-1,swolana2020:rule-43,"Nanomaterials2020,10,1010 9of12 irrespectiveofconcentration. Atthesametime,statisticallysignificantdependenceonconcentration wasdemonstrated(p<0.05),irrespectiveofthesizeoftheAgNPs.",synergy.text_rules,0.58
swolana2020.pdf,6417,Ag,NOT_DETECTED,NOT_DETECTED,MIC,,5,,,9,,text-2,swolana2020:rule-44,"Atthesametime,statisticallysignificantdependenceonconcentration wasdemonstrated(p<0.05),irrespectiveofthesizeoftheAgNPs. However,nostatisticallysignificant interactionwasfoundtoexistbetweentheconcentrationandthesizeoftheAgNPs(p>0.05).",synergy.text_rules,0.58
swolana2020.pdf,6418,Ag,NOT_DETECTED,NOT_DETECTED,MIC,,5,,,9,,text-3,swolana2020:rule-45,"However,nostatisticallysignificant interactionwasfoundtoexistbetweentheconcentrationandthesizeoftheAgNPs(p>0.05). Interms ofposthocanalysis,theDunnetttestwasperformedforeachsizeofthesilvernanoparticles.",synergy.text_rules,0.58
swolana2020.pdf,6419,Ag,NOT_DETECTED,NOT_DETECTED,MIC,,5,,,9,,text-4,swolana2020:rule-46,Zero concentrationofnanosilverwasassumedascontrol. TheresultsoftheanalysisforAgNPshaving thesizeof10nmrevealedtheexistenceofstatisticallysignificantdependencefortheconcentrationof 10¬µg/mLincomparisonwiththecontrol.,synergy.text_rules,0.58
swolana2020.pdf,6420,Ag,NOT_DETECTED,NOT_DETECTED,MIC,,5,,,9,,text-5,swolana2020:rule-47,"TheresultsoftheanalysisforAgNPshaving thesizeof10nmrevealedtheexistenceofstatisticallysignificantdependencefortheconcentrationof 10¬µg/mLincomparisonwiththecontrol. Inthecaseofaparticlesizeof40nm,statisticalsignificance wasdemonstratedfortheconcentrationrangeof8¬µg/mLto10¬µg/mLincomparisonwiththecontrol, whereasforAgNPswithasizeof100nm,statisticalsignificanceoccurredintherangeof4¬µg/mLto 10¬µg/mL.",synergy.text_rules,0.58
swolana2020.pdf,6421,nanoparticle,NOT_DETECTED,NOT_DETECTED,MIC,,5,,,9,,text-6,swolana2020:rule-48,"Inthecaseofaparticlesizeof40nm,statisticalsignificance wasdemonstratedfortheconcentrationrangeof8¬µg/mLto10¬µg/mLincomparisonwiththecontrol, whereasforAgNPswithasizeof100nm,statisticalsignificanceoccurredintherangeof4¬µg/mLto 10¬µg/mL. ThestatisticalanalysisperformedforS.epidermidisATCC35984revealedtheexistenceofstatistically significant dependence on nanoparticle size (p < 0.05), irrespective of concentration.",synergy.text_rules,0.58
swolana2020.pdf,6422,nanoparticle,NOT_DETECTED,NOT_DETECTED,MIC,,5,,,9,,text-7,swolana2020:rule-49,"ThestatisticalanalysisperformedforS.epidermidisATCC35984revealedtheexistenceofstatistically significant dependence on nanoparticle size (p < 0.05), irrespective of concentration. At the same time,statisticallysignificantdependenceonconcentrationwasdemonstrated(p<0.05),irrespectiveof thesizeofAgNPs.",synergy.text_rules,0.58
swolana2020.pdf,6423,Ag,NOT_DETECTED,NOT_DETECTED,MIC,,5,,,9,,text-8,swolana2020:rule-50,"At the same time,statisticallysignificantdependenceonconcentrationwasdemonstrated(p<0.05),irrespectiveof thesizeofAgNPs. Additionally,interactionbetweentheconcentrationandthesizeoftheAgNPswas demonstrated(p>0.05).",synergy.text_rules,0.58
swolana2020.pdf,6424,Ag,NOT_DETECTED,NOT_DETECTED,MIC,,5,,,9,,text-9,swolana2020:rule-51,Zeroconcentrationofnanosilverwasassumedasthecontrol. TheresultsofanalysisforAgNPs withaof10nmrevealedtheexistenceofstatisticallysignificantdependenceintheconcentrationrange of 5 ¬µg/mL to 10 ¬µg/mL in comparison with control.,synergy.text_rules,0.58
swolana2020.pdf,6425,Ag,NOT_DETECTED,NOT_DETECTED,MIC,,5,,,9,,text-10,swolana2020:rule-52,"TheresultsofanalysisforAgNPs withaof10nmrevealedtheexistenceofstatisticallysignificantdependenceintheconcentrationrange of 5 ¬µg/mL to 10 ¬µg/mL in comparison with control. In the case of particles with a size of 40 nm, statisticalsignificancewasdemonstratedfortheconcentrationrangefrom6¬µg/mLto10¬µg/mLin comparisonwithcontrol,whileforAgNPswithasizeof100nm,statisticalsignificanceoccurredin therangefrom2¬µg/mLto10¬µg/mL.",synergy.text_rules,0.58
swolana2020.pdf,6426,Ag,NOT_DETECTED,NOT_DETECTED,MIC,,5,,,9,,text-11,swolana2020:rule-53,"In the case of particles with a size of 40 nm, statisticalsignificancewasdemonstratedfortheconcentrationrangefrom6¬µg/mLto10¬µg/mLin comparisonwithcontrol,whileforAgNPswithasizeof100nm,statisticalsignificanceoccurredin therangefrom2¬µg/mLto10¬µg/mL. 3.",synergy.text_rules,0.58
swolana2020.pdf,6427,Ag,NOT_DETECTED,NOT_DETECTED,MIC,,5,,,9,,text-12,swolana2020:rule-54,"Bacterial strains were stored in Tryptic Soy Broth (TSB) medium with the addition of 20% glycerol, in ‚àí86 ‚ó¶ C. Silver nanoparticles with sizes of 10 nm, 20 nm, 40 nm, 60 nm and 100 nm (TEM), 0.02 mg/mL in aqueous buffer, containing sodium citrate as stabilizer (Sigma-Aldrich/Merck‚ÄîDarmstadt,Germany),wereusedinthestudy.",synergy.text_rules,0.58
swolana2020.pdf,6428,Ag,NOT_DETECTED,NOT_DETECTED,MIC,,5,,,9,,text-13,swolana2020:rule-55,"Silver nanoparticles with sizes of 10 nm, 20 nm, 40 nm, 60 nm and 100 nm (TEM), 0.02 mg/mL in aqueous buffer, containing sodium citrate as stabilizer (Sigma-Aldrich/Merck‚ÄîDarmstadt,Germany),wereusedinthestudy. 3.2.",synergy.text_rules,0.58
swolana2020.pdf,6429,Ag,NOT_DETECTED,NOT_DETECTED,MIC,,5,,,9,,text-14,swolana2020:rule-56,"3.2. DeterminationofAntistaphylococcalActivityofAgNPs TheantimicrobialactivityofAgNPswasdeterminedusingthebrothmicrodilutionmethod(BMM), asrecommendedbytheNationalCommitteeforClinicalLaboratoryStandards.",synergy.text_rules,0.58
swolana2020.pdf,6430,Ag,NOT_DETECTED,NOT_DETECTED,MIC,,5,,,9,,text-15,swolana2020:rule-57,"DeterminationofAntistaphylococcalActivityofAgNPs TheantimicrobialactivityofAgNPswasdeterminedusingthebrothmicrodilutionmethod(BMM), asrecommendedbytheNationalCommitteeforClinicalLaboratoryStandards. Minimalinhibitory concentration(MIC)ofAgNPshavingthefollowingsizes: 10,20,40,60,100nm,wasmeasuredforthree referencestrainsofS.epidermidisinTSBmediumsupplementedwith0.25%ofglucose.",synergy.text_rules,0.58
swolana2020.pdf,6431,Ag,NOT_DETECTED,NOT_DETECTED,MIC,,0.5,,,9,,text-16,swolana2020:rule-58,"Minimalinhibitory concentration(MIC)ofAgNPshavingthefollowingsizes: 10,20,40,60,100nm,wasmeasuredforthree referencestrainsofS.epidermidisinTSBmediumsupplementedwith0.25%ofglucose. Theexamined range of AgNPs concentrations was between 0.5 ¬µg/mL and 20 ¬µg/mL.",synergy.text_rules,0.58
swolana2020.pdf,6432,Ag,NOT_DETECTED,NOT_DETECTED,MIC,,5,,,9,,text-17,swolana2020:rule-59,"Theexamined range of AgNPs concentrations was between 0.5 ¬µg/mL and 20 ¬µg/mL. The microtitration plates ‚ó¶ preparedunderwentincubationatatemperatureof37 Cfor24h;subsequently,theabsorbancewas determinedbymeansofspectrophotometry,wavelengthŒª=595nm(MultiscanEX,ThermoElectron Corporation,Shanghai,China),inordertodeterminetheMICvalue.",synergy.text_rules,0.58
swolana2020.pdf,6433,Ag,NOT_DETECTED,NOT_DETECTED,MIC,,5,,,9,,text-18,swolana2020:rule-60,"The microtitration plates ‚ó¶ preparedunderwentincubationatatemperatureof37 Cfor24h;subsequently,theabsorbancewas determinedbymeansofspectrophotometry,wavelengthŒª=595nm(MultiscanEX,ThermoElectron Corporation,Shanghai,China),inordertodeterminetheMICvalue. Eachplatecontainedgrowth control as well as sterility control.",synergy.text_rules,0.58
swolana2020.pdf,6434,Ag,NOT_DETECTED,NOT_DETECTED,viability (%),,,,,10,,text-1,swolana2020:rule-61,"Nanomaterials2020,10,1010 10of12 OD ‚ÄîtheaveragevalueofspectrophotometricmeasurementsatŒª=595nmforthecontrolsample S withouttheadditionofAgNPs OD ‚ÄîtheaveragevalueofspectrophotometricmeasurementsatŒª=595nmforthestudiedsample T withtheadditionofAgNPsatthestudiedconcentration 3.3.",synergy.text_rules,0.58
swolana2020.pdf,6435,Ag,NOT_DETECTED,NOT_DETECTED,viability (%),,,,,10,,text-2,swolana2020:rule-62,"Nanomaterials2020,10,1010 10of12 OD ‚ÄîtheaveragevalueofspectrophotometricmeasurementsatŒª=595nmforthecontrolsample S withouttheadditionofAgNPs OD ‚ÄîtheaveragevalueofspectrophotometricmeasurementsatŒª=595nmforthestudiedsample T withtheadditionofAgNPsatthestudiedconcentration 3.3. DeterminationofMBICValuesforAgNPs The examinations of minimal biofilm inhibitory concentration (MBIC) were carried out in accordancewiththemodifiedChristensenmethod[26].",synergy.text_rules,0.58
swolana2020.pdf,6436,Ag,NOT_DETECTED,NOT_DETECTED,viability (%),,,,,10,,text-3,swolana2020:rule-63,"DeterminationofMBICValuesforAgNPs The examinations of minimal biofilm inhibitory concentration (MBIC) were carried out in accordancewiththemodifiedChristensenmethod[26]. Forthatpurpose,after24hofincubationwith silvernanoparticles,thewellswerewashedthreetimeswithphosphatebuffer(PBS,pH=7.2)andall ‚ó¶ theplanktonicformsofbacteriawereremoved.",synergy.text_rules,0.58
swolana2020.pdf,6437,Ag,NOT_DETECTED,NOT_DETECTED,viability (%),,,,,10,,text-4,swolana2020:rule-64,"Thestain wasthenremoved,plateswereflushedfourtimeswithdeionizedwateranddriedatatemperatureof ‚ó¶ 37 C.Thebiofilmthatwasformedwasdissolvedin200¬µLof95%isopropanolin1MofHCl. After 5-minincubation,samplesof100¬µLofthesolutionwerecollected,transferredtoanewtitrationplate, andabsorbancewasmeasuredforthewavelengthofŒª=490nm,bymeansofaMultscanEX(Thermo ElectronCorporation,Shanghai,China)microplatereader.",synergy.text_rules,0.58
swolana2020.pdf,6438,Ag,NOT_DETECTED,NOT_DETECTED,viability (%),,,,,10,,text-5,swolana2020:rule-65,"After 5-minincubation,samplesof100¬µLofthesolutionwerecollected,transferredtoanewtitrationplate, andabsorbancewasmeasuredforthewavelengthofŒª=490nm,bymeansofaMultscanEX(Thermo ElectronCorporation,Shanghai,China)microplatereader. TheassessmentofBFAwasperformed onthebasisofcomparingtheabsorbancevalueswiththeS.epidermidisATCC12228strain(negative control).",synergy.text_rules,0.58
swolana2020.pdf,6439,Ag,NOT_DETECTED,NOT_DETECTED,viability (%),,,,,10,,text-6,swolana2020:rule-66,"3.4. DeterminationofViabilityofBacterialCellsbyAlamarBlueTest TheassessmentoftheviabilityofcellssubjectedtoAgNPswasperformedwiththeuseofatest namedAlamarBlueCellViabilityReagent(INVITROGEN‚ÄìEugene,Oregon,USA),inaccordance withtheprotocolprovidedbytheproducer.",synergy.text_rules,0.58
swolana2020.pdf,6440,Ag,NOT_DETECTED,NOT_DETECTED,viability (%),,,,,10,,text-7,swolana2020:rule-67,"DeterminationofViabilityofBacterialCellsbyAlamarBlueTest TheassessmentoftheviabilityofcellssubjectedtoAgNPswasperformedwiththeuseofatest namedAlamarBlueCellViabilityReagent(INVITROGEN‚ÄìEugene,Oregon,USA),inaccordance withtheprotocolprovidedbytheproducer. Ten¬µLofAlamarBluereagentwasaddedtothe96-well titration plate, containing 100 ¬µL of bacteria suspension, exposed to AgNPs of various sizes, and in different concentrations.",synergy.text_rules,0.58
swolana2020.pdf,6441,Ag,NOT_DETECTED,NOT_DETECTED,viability (%),,,,,10,,text-8,swolana2020:rule-68,"The entire material was incubated at a temperature of 37 ‚ó¶ C for 1 h. Subsequently,absorbancewasmeasuredatwavelengthsofŒª=570nmandŒª=600nm,bymeansof aMultiscanEX(ThermoElectronCorporation,Shanghai,China)microplatereader.",synergy.text_rules,0.58
swolana2020.pdf,6442,Ag,NOT_DETECTED,NOT_DETECTED,viability (%),,,,,10,,text-9,swolana2020:rule-69,"Subsequently,absorbancewasmeasuredatwavelengthsofŒª=570nmandŒª=600nm,bymeansof aMultiscanEX(ThermoElectronCorporation,Shanghai,China)microplatereader. Theexaminations wereperformedthreetimes.",synergy.text_rules,0.58
swolana2020.pdf,6443,Ag,NOT_DETECTED,NOT_DETECTED,viability (%),,,,,10,,text-10,swolana2020:rule-70,"Staining wasperformedwiththeuseofreagentsbyAvantorPerformanceMaterials(Gliwice,Poland). Thecells tobestainedwereseededaftertrypsinizationtofour-chamberslides,Nunc‚Ñ¢Lab-Tek‚Ñ¢IIChamber Slide‚Ñ¢System(Nunc‚ÄìRoskilde,Denmark).",synergy.text_rules,0.58
swolana2020.pdf,6444,Ag,NOT_DETECTED,NOT_DETECTED,viability (%),,,,,10,,text-11,swolana2020:rule-71,"Thecells tobestainedwereseededaftertrypsinizationtofour-chamberslides,Nunc‚Ñ¢Lab-Tek‚Ñ¢IIChamber Slide‚Ñ¢System(Nunc‚ÄìRoskilde,Denmark). 1mLofpuremediumwasintroducedintoeachchamber, and the slides were put in an incubator.",synergy.text_rules,0.58
swolana2020.pdf,6445,Ag,NOT_DETECTED,NOT_DETECTED,viability (%),,,,,10,,text-12,swolana2020:rule-72,"After 24 h of incubation time, the cells adhered to slide surface,andtheconfluencewasassessedtobe80%. Theculturemediumwasgentlyremovedfrom abovethecells,and1mLofsilvernanoparticlessolution,withparticlesizesof10nmor20nmand aconcentration5¬µg/mL,wasintroducedintothechambers.",synergy.text_rules,0.58
swolana2020.pdf,6446,Ag,NOT_DETECTED,NOT_DETECTED,viability (%),,,,,10,,text-13,swolana2020:rule-73,"Theculturemediumwasgentlyremovedfrom abovethecells,and1mLofsilvernanoparticlessolution,withparticlesizesof10nmor20nmand aconcentration5¬µg/mL,wasintroducedintothechambers. 1mLofpuremediumwaspipettedinto onechamber(control).",synergy.text_rules,0.58
swolana2020.pdf,6447,Ag,NOT_DETECTED,NOT_DETECTED,viability (%),,,,,10,,text-14,swolana2020:rule-74,"Theculturewascontinuedforafurther24hunderstandardconditions. After thecompletionofincubation,themediumandchamberswereremoved,whiletheexaminedcellswere fixedontheculturedishsurfacethrough12hincubationin96%ethanol.",synergy.text_rules,0.58
swolana2020.pdf,6448,Ag,NOT_DETECTED,NOT_DETECTED,viability (%),,,,,10,,text-15,swolana2020:rule-75,"After thecompletionofincubation,themediumandchamberswereremoved,whiletheexaminedcellswere fixedontheculturedishsurfacethrough12hincubationin96%ethanol. Stainingwasperformedin accordancewiththeproducer‚Äôsprocedure.",synergy.text_rules,0.58
swolana2020.pdf,6449,Ag,NOT_DETECTED,NOT_DETECTED,viability (%),,,,,10,,text-16,swolana2020:rule-76,"Stainingwasperformedin accordancewiththeproducer‚Äôsprocedure. Themorphologicalimageofthecellswasobtainedusing aZeissAxiostarmicroscope(CarlZeiss,Jena,Germany).",synergy.text_rules,0.58
swolana2020.pdf,6450,Ag,NOT_DETECTED,NOT_DETECTED,viability (%),,,,,10,,text-17,swolana2020:rule-77,"Themorphologicalimageofthecellswasobtainedusing aZeissAxiostarmicroscope(CarlZeiss,Jena,Germany). 3.6.",synergy.text_rules,0.58
