record_id,record_type,source_file,page,section,table_id,figure_id,row_index,extraction_method,confidence,compound_label,structure_id,image_id,caption,crop_image_path,bbox_points,bbox_pixels,structure_resolution_status,needs_structure_image_mapping,molecule_name,formula,molecular_weight,SMILES,canonical_SMILES,isomeric_SMILES,InChI,InChIKey,CAS,property_name,property_value,unit,raw_value,validation_status
1_s2_0_S0960894X09006258_main_p2_t1_row2_raw,raw_table_row,1-s2.0-S0960894X09006258-main.pdf,2,Compounds R1 R2 ORL1bindingaIC50(nM) 1 iPr H 350,p2_t1,,2,pdfplumber.table+chemical_row_heuristic,0.65,1,,,,,,,unresolved_label,True,,,,,,,,,,,,,1 iPr H 350,raw_unvalidated
1_s2_0_S0960894X09006258_main_p2_t1_row2_v1,table_property,1-s2.0-S0960894X09006258-main.pdf,2,Compounds R1 R2 ORL1bindingaIC50(nM) 1 iPr H 350,p2_t1,,2,pdfplumber.table+chemical_row_heuristic,0.65,1,,,,,,,unresolved_label,True,,,,,,,,,,ORL1_binding,350,,350,raw_unvalidated
1_s2_0_S0960894X09006258_main_p2_t1_row3_raw,raw_table_row,1-s2.0-S0960894X09006258-main.pdf,2,Compounds R1 R2 ORL1bindingaIC50(nM) 1 iPr H 350,p2_t1,,3,pdfplumber.table+chemical_row_heuristic,0.65,7,,,,,,,unresolved_label,True,,,,,,,,,,,,,7 CH2 iPr H 150,raw_unvalidated
1_s2_0_S0960894X09006258_main_p2_t1_row3_v1,table_property,1-s2.0-S0960894X09006258-main.pdf,2,Compounds R1 R2 ORL1bindingaIC50(nM) 1 iPr H 350,p2_t1,,3,pdfplumber.table+chemical_row_heuristic,0.65,7,,,,,,,unresolved_label,True,,,,,,,,,,ORL1_binding,150,,150,raw_unvalidated
1_s2_0_S0960894X09006258_main_p2_t1_row4_raw,raw_table_row,1-s2.0-S0960894X09006258-main.pdf,2,Compounds R1 R2 ORL1bindingaIC50(nM) 1 iPr H 350,p2_t1,,4,pdfplumber.table+chemical_row_heuristic,0.65,8,,,,,,,unresolved_label,True,,,,,,,,,,,,,8 CH2CH2 iPr H 150,raw_unvalidated
1_s2_0_S0960894X09006258_main_p2_t1_row4_v1,table_property,1-s2.0-S0960894X09006258-main.pdf,2,Compounds R1 R2 ORL1bindingaIC50(nM) 1 iPr H 350,p2_t1,,4,pdfplumber.table+chemical_row_heuristic,0.65,8,,,,,,,unresolved_label,True,,,,,,,,,,ORL1_binding,150,,150,raw_unvalidated
1_s2_0_S0960894X09006258_main_p2_t1_row5_raw,raw_table_row,1-s2.0-S0960894X09006258-main.pdf,2,Compounds R1 R2 ORL1bindingaIC50(nM) 1 iPr H 350,p2_t1,,5,pdfplumber.table+chemical_row_heuristic,0.65,9,,,,,,,unresolved_label,True,,,,,,,,,,,,,9 Cyclohexyl H 75,raw_unvalidated
1_s2_0_S0960894X09006258_main_p2_t1_row5_v1,table_property,1-s2.0-S0960894X09006258-main.pdf,2,Compounds R1 R2 ORL1bindingaIC50(nM) 1 iPr H 350,p2_t1,,5,pdfplumber.table+chemical_row_heuristic,0.65,9,,,,,,,unresolved_label,True,,,,,,,,,,ORL1_binding,75,,75,raw_unvalidated
1_s2_0_S0960894X09006258_main_p2_t1_row6_raw,raw_table_row,1-s2.0-S0960894X09006258-main.pdf,2,Compounds R1 R2 ORL1bindingaIC50(nM) 1 iPr H 350,p2_t1,,6,pdfplumber.table+chemical_row_heuristic,0.65,10,,,,,,,unresolved_label,True,,,,,,,,,,,,,10 Cyclohexyl Me >1000,raw_unvalidated
1_s2_0_S0960894X09006258_main_p2_t1_row6_v1,table_property,1-s2.0-S0960894X09006258-main.pdf,2,Compounds R1 R2 ORL1bindingaIC50(nM) 1 iPr H 350,p2_t1,,6,pdfplumber.table+chemical_row_heuristic,0.65,10,,,,,,,unresolved_label,True,,,,,,,,,,ORL1_binding,>1000,,>1000,raw_unvalidated
1_s2_0_S0960894X09006258_main_p2_t1_row7_raw,raw_table_row,1-s2.0-S0960894X09006258-main.pdf,2,Compounds R1 R2 ORL1bindingaIC50(nM) 1 iPr H 350,p2_t1,,7,pdfplumber.table+chemical_row_heuristic,0.65,11,,,,,,,unresolved_label,True,,,,,,,,,,,,,11 Cyclohexyl iPr >1000,raw_unvalidated
1_s2_0_S0960894X09006258_main_p2_t1_row7_v1,table_property,1-s2.0-S0960894X09006258-main.pdf,2,Compounds R1 R2 ORL1bindingaIC50(nM) 1 iPr H 350,p2_t1,,7,pdfplumber.table+chemical_row_heuristic,0.65,11,,,,,,,unresolved_label,True,,,,,,,,,,ORL1_binding,>1000,,>1000,raw_unvalidated
1_s2_0_S0960894X09006258_main_p2_t1_row8_raw,raw_table_row,1-s2.0-S0960894X09006258-main.pdf,2,Compounds R1 R2 ORL1bindingaIC50(nM) 1 iPr H 350,p2_t1,,8,pdfplumber.table+chemical_row_heuristic,0.65,12,,,,,,,unresolved_label,True,,,,,,,,,,,,,12 –(CH2)5– 560,raw_unvalidated
1_s2_0_S0960894X09006258_main_p2_t1_row8_v1,table_property,1-s2.0-S0960894X09006258-main.pdf,2,Compounds R1 R2 ORL1bindingaIC50(nM) 1 iPr H 350,p2_t1,,8,pdfplumber.table+chemical_row_heuristic,0.65,12,,,,,,,unresolved_label,True,,,,,,,,,,ORL1_binding,560,,560,raw_unvalidated
1_s2_0_S0960894X09006258_main_p2_t1_row9_raw,raw_table_row,1-s2.0-S0960894X09006258-main.pdf,2,Compounds R1 R2 ORL1bindingaIC50(nM) 1 iPr H 350,p2_t1,,9,pdfplumber.table+chemical_row_heuristic,0.65,13,,,,,,,unresolved_label,True,,,,,,,,,,,,,13 Cyclopentyl H 28,raw_unvalidated
1_s2_0_S0960894X09006258_main_p2_t1_row9_v1,table_property,1-s2.0-S0960894X09006258-main.pdf,2,Compounds R1 R2 ORL1bindingaIC50(nM) 1 iPr H 350,p2_t1,,9,pdfplumber.table+chemical_row_heuristic,0.65,13,,,,,,,unresolved_label,True,,,,,,,,,,ORL1_binding,28,,28,raw_unvalidated
1_s2_0_S0960894X09006258_main_p3_t1_row2_raw,raw_table_row,1-s2.0-S0960894X09006258-main.pdf,3,Compounds R1 R2 ORL1bindingaIC50(nM) hERGbindingIC50(nM) LogD7.4 b 13 28 23 >4,p3_t1,,2,pdfplumber.table+chemical_row_heuristic,0.65,13,,,,,,,unresolved_label,True,,,,,,,,,,,,,13 28 23 >4,raw_unvalidated
1_s2_0_S0960894X09006258_main_p3_t1_row2_v1,table_property,1-s2.0-S0960894X09006258-main.pdf,3,Compounds R1 R2 ORL1bindingaIC50(nM) hERGbindingIC50(nM) LogD7.4 b 13 28 23 >4,p3_t1,,2,pdfplumber.table+chemical_row_heuristic,0.65,13,,,,,,,unresolved_label,True,,,,,,,,,,ORL1_IC50,28,nM,28,raw_unvalidated
1_s2_0_S0960894X09006258_main_p3_t1_row2_v2,table_property,1-s2.0-S0960894X09006258-main.pdf,3,Compounds R1 R2 ORL1bindingaIC50(nM) hERGbindingIC50(nM) LogD7.4 b 13 28 23 >4,p3_t1,,2,pdfplumber.table+chemical_row_heuristic,0.65,13,,,,,,,unresolved_label,True,,,,,,,,,,hERG_IC50,23,nM,23,raw_unvalidated
1_s2_0_S0960894X09006258_main_p3_t1_row2_v3,table_property,1-s2.0-S0960894X09006258-main.pdf,3,Compounds R1 R2 ORL1bindingaIC50(nM) hERGbindingIC50(nM) LogD7.4 b 13 28 23 >4,p3_t1,,2,pdfplumber.table+chemical_row_heuristic,0.65,13,,,,,,,unresolved_label,True,,,,,,,,,,LogD,>4,,>4,raw_unvalidated
1_s2_0_S0960894X09006258_main_p3_t1_row3_raw,raw_table_row,1-s2.0-S0960894X09006258-main.pdf,3,Compounds R1 R2 ORL1bindingaIC50(nM) hERGbindingIC50(nM) LogD7.4 b 13 28 23 >4,p3_t1,,3,pdfplumber.table+chemical_row_heuristic,0.65,14,,,,,,,unresolved_label,True,,,,,,,,,,,,,"14 "" 530",raw_unvalidated
1_s2_0_S0960894X09006258_main_p3_t1_row3_v1,table_property,1-s2.0-S0960894X09006258-main.pdf,3,Compounds R1 R2 ORL1bindingaIC50(nM) hERGbindingIC50(nM) LogD7.4 b 13 28 23 >4,p3_t1,,3,pdfplumber.table+chemical_row_heuristic,0.65,14,,,,,,,unresolved_label,True,,,,,,,,,,ORL1_IC50,"""",nM,"""",raw_unvalidated
1_s2_0_S0960894X09006258_main_p3_t1_row3_v2,table_property,1-s2.0-S0960894X09006258-main.pdf,3,Compounds R1 R2 ORL1bindingaIC50(nM) hERGbindingIC50(nM) LogD7.4 b 13 28 23 >4,p3_t1,,3,pdfplumber.table+chemical_row_heuristic,0.65,14,,,,,,,unresolved_label,True,,,,,,,,,,hERG_IC50,530,nM,530,raw_unvalidated
1_s2_0_S0960894X09006258_main_p3_t1_row4_raw,raw_table_row,1-s2.0-S0960894X09006258-main.pdf,3,Compounds R1 R2 ORL1bindingaIC50(nM) hERGbindingIC50(nM) LogD7.4 b 13 28 23 >4,p3_t1,,4,pdfplumber.table+chemical_row_heuristic,0.65,15,,,,,,,unresolved_label,True,,,,,,,,,,,,,"15 "" 37 2900 2.9",raw_unvalidated
1_s2_0_S0960894X09006258_main_p3_t1_row4_v1,table_property,1-s2.0-S0960894X09006258-main.pdf,3,Compounds R1 R2 ORL1bindingaIC50(nM) hERGbindingIC50(nM) LogD7.4 b 13 28 23 >4,p3_t1,,4,pdfplumber.table+chemical_row_heuristic,0.65,15,,,,,,,unresolved_label,True,,,,,,,,,,ORL1_IC50,"""",nM,"""",raw_unvalidated
1_s2_0_S0960894X09006258_main_p3_t1_row4_v2,table_property,1-s2.0-S0960894X09006258-main.pdf,3,Compounds R1 R2 ORL1bindingaIC50(nM) hERGbindingIC50(nM) LogD7.4 b 13 28 23 >4,p3_t1,,4,pdfplumber.table+chemical_row_heuristic,0.65,15,,,,,,,unresolved_label,True,,,,,,,,,,hERG_IC50,37,nM,37,raw_unvalidated
1_s2_0_S0960894X09006258_main_p3_t1_row4_v3,table_property,1-s2.0-S0960894X09006258-main.pdf,3,Compounds R1 R2 ORL1bindingaIC50(nM) hERGbindingIC50(nM) LogD7.4 b 13 28 23 >4,p3_t1,,4,pdfplumber.table+chemical_row_heuristic,0.65,15,,,,,,,unresolved_label,True,,,,,,,,,,LogD,2900,,2900,raw_unvalidated
1_s2_0_S0960894X09006258_main_p3_t1_row4_v4,table_property,1-s2.0-S0960894X09006258-main.pdf,3,Compounds R1 R2 ORL1bindingaIC50(nM) hERGbindingIC50(nM) LogD7.4 b 13 28 23 >4,p3_t1,,4,pdfplumber.table+chemical_row_heuristic,0.65,15,,,,,,,unresolved_label,True,,,,,,,,,,table_value_4,2.9,,2.9,raw_unvalidated
1_s2_0_S0960894X09006258_main_p3_t1_row5_raw,raw_table_row,1-s2.0-S0960894X09006258-main.pdf,3,Compounds R1 R2 ORL1bindingaIC50(nM) hERGbindingIC50(nM) LogD7.4 b 13 28 23 >4,p3_t1,,5,pdfplumber.table+chemical_row_heuristic,0.65,16,,,,,,,unresolved_label,True,,,,,,,,,,,,,"16 "" >1000",raw_unvalidated
1_s2_0_S0960894X09006258_main_p3_t1_row5_v1,table_property,1-s2.0-S0960894X09006258-main.pdf,3,Compounds R1 R2 ORL1bindingaIC50(nM) hERGbindingIC50(nM) LogD7.4 b 13 28 23 >4,p3_t1,,5,pdfplumber.table+chemical_row_heuristic,0.65,16,,,,,,,unresolved_label,True,,,,,,,,,,ORL1_IC50,"""",nM,"""",raw_unvalidated
1_s2_0_S0960894X09006258_main_p3_t1_row5_v2,table_property,1-s2.0-S0960894X09006258-main.pdf,3,Compounds R1 R2 ORL1bindingaIC50(nM) hERGbindingIC50(nM) LogD7.4 b 13 28 23 >4,p3_t1,,5,pdfplumber.table+chemical_row_heuristic,0.65,16,,,,,,,unresolved_label,True,,,,,,,,,,hERG_IC50,>1000,nM,>1000,raw_unvalidated
1_s2_0_S0960894X09006258_main_p3_t1_row6_raw,raw_table_row,1-s2.0-S0960894X09006258-main.pdf,3,Compounds R1 R2 ORL1bindingaIC50(nM) hERGbindingIC50(nM) LogD7.4 b 13 28 23 >4,p3_t1,,6,pdfplumber.table+chemical_row_heuristic,0.65,17,,,,,,,unresolved_label,True,,,,,,,,,,,,,"17 61 23,000 1.3",raw_unvalidated
1_s2_0_S0960894X09006258_main_p3_t1_row6_v1,table_property,1-s2.0-S0960894X09006258-main.pdf,3,Compounds R1 R2 ORL1bindingaIC50(nM) hERGbindingIC50(nM) LogD7.4 b 13 28 23 >4,p3_t1,,6,pdfplumber.table+chemical_row_heuristic,0.65,17,,,,,,,unresolved_label,True,,,,,,,,,,ORL1_IC50,61,nM,61,raw_unvalidated
1_s2_0_S0960894X09006258_main_p3_t1_row6_v2,table_property,1-s2.0-S0960894X09006258-main.pdf,3,Compounds R1 R2 ORL1bindingaIC50(nM) hERGbindingIC50(nM) LogD7.4 b 13 28 23 >4,p3_t1,,6,pdfplumber.table+chemical_row_heuristic,0.65,17,,,,,,,unresolved_label,True,,,,,,,,,,hERG_IC50,"23,000",nM,"23,000",raw_unvalidated
1_s2_0_S0960894X09006258_main_p3_t1_row6_v3,table_property,1-s2.0-S0960894X09006258-main.pdf,3,Compounds R1 R2 ORL1bindingaIC50(nM) hERGbindingIC50(nM) LogD7.4 b 13 28 23 >4,p3_t1,,6,pdfplumber.table+chemical_row_heuristic,0.65,17,,,,,,,unresolved_label,True,,,,,,,,,,LogD,1.3,,1.3,raw_unvalidated
1_s2_0_S0960894X09006258_main_p3_t2_row2_raw,raw_table_row,1-s2.0-S0960894X09006258-main.pdf,3,"Compounds R1 R2 ORL1bindingaIC50(nM) AntagonismaIC50(nM) hERGbindingIC50(nM) LogD7.4 b 17 — 30-Cl 61 23,000 1.3",p3_t2,,2,pdfplumber.table+chemical_row_heuristic,0.65,17,,,,,,,unresolved_label,True,,,,,,,,,,,,,"17 — 30-Cl 61 23,000 1.3",raw_unvalidated
1_s2_0_S0960894X09006258_main_p3_t2_row2_v1,table_property,1-s2.0-S0960894X09006258-main.pdf,3,"Compounds R1 R2 ORL1bindingaIC50(nM) AntagonismaIC50(nM) hERGbindingIC50(nM) LogD7.4 b 17 — 30-Cl 61 23,000 1.3",p3_t2,,2,pdfplumber.table+chemical_row_heuristic,0.65,17,,,,,,,unresolved_label,True,,,,,,,,,,ORL1_IC50,—,nM,—,raw_unvalidated
1_s2_0_S0960894X09006258_main_p3_t2_row2_v2,table_property,1-s2.0-S0960894X09006258-main.pdf,3,"Compounds R1 R2 ORL1bindingaIC50(nM) AntagonismaIC50(nM) hERGbindingIC50(nM) LogD7.4 b 17 — 30-Cl 61 23,000 1.3",p3_t2,,2,pdfplumber.table+chemical_row_heuristic,0.65,17,,,,,,,unresolved_label,True,,,,,,,,,,hERG_IC50,61,nM,61,raw_unvalidated
1_s2_0_S0960894X09006258_main_p3_t2_row2_v3,table_property,1-s2.0-S0960894X09006258-main.pdf,3,"Compounds R1 R2 ORL1bindingaIC50(nM) AntagonismaIC50(nM) hERGbindingIC50(nM) LogD7.4 b 17 — 30-Cl 61 23,000 1.3",p3_t2,,2,pdfplumber.table+chemical_row_heuristic,0.65,17,,,,,,,unresolved_label,True,,,,,,,,,,LogD,"23,000",,"23,000",raw_unvalidated
1_s2_0_S0960894X09006258_main_p3_t2_row2_v4,table_property,1-s2.0-S0960894X09006258-main.pdf,3,"Compounds R1 R2 ORL1bindingaIC50(nM) AntagonismaIC50(nM) hERGbindingIC50(nM) LogD7.4 b 17 — 30-Cl 61 23,000 1.3",p3_t2,,2,pdfplumber.table+chemical_row_heuristic,0.65,17,,,,,,,unresolved_label,True,,,,,,,,,,table_value_4,1.3,,1.3,raw_unvalidated
1_s2_0_S0960894X09006258_main_p3_t2_row3_raw,raw_table_row,1-s2.0-S0960894X09006258-main.pdf,3,"Compounds R1 R2 ORL1bindingaIC50(nM) AntagonismaIC50(nM) hERGbindingIC50(nM) LogD7.4 b 17 — 30-Cl 61 23,000 1.3",p3_t2,,3,pdfplumber.table+chemical_row_heuristic,0.65,18,,,,,,,unresolved_label,True,,,,,,,,,,,,,18 6-Cl 30-Cl 11 12 2700 2.1,raw_unvalidated
1_s2_0_S0960894X09006258_main_p3_t2_row3_v1,table_property,1-s2.0-S0960894X09006258-main.pdf,3,"Compounds R1 R2 ORL1bindingaIC50(nM) AntagonismaIC50(nM) hERGbindingIC50(nM) LogD7.4 b 17 — 30-Cl 61 23,000 1.3",p3_t2,,3,pdfplumber.table+chemical_row_heuristic,0.65,18,,,,,,,unresolved_label,True,,,,,,,,,,ORL1_IC50,11,nM,11,raw_unvalidated
1_s2_0_S0960894X09006258_main_p3_t2_row3_v2,table_property,1-s2.0-S0960894X09006258-main.pdf,3,"Compounds R1 R2 ORL1bindingaIC50(nM) AntagonismaIC50(nM) hERGbindingIC50(nM) LogD7.4 b 17 — 30-Cl 61 23,000 1.3",p3_t2,,3,pdfplumber.table+chemical_row_heuristic,0.65,18,,,,,,,unresolved_label,True,,,,,,,,,,hERG_IC50,12,nM,12,raw_unvalidated
1_s2_0_S0960894X09006258_main_p3_t2_row3_v3,table_property,1-s2.0-S0960894X09006258-main.pdf,3,"Compounds R1 R2 ORL1bindingaIC50(nM) AntagonismaIC50(nM) hERGbindingIC50(nM) LogD7.4 b 17 — 30-Cl 61 23,000 1.3",p3_t2,,3,pdfplumber.table+chemical_row_heuristic,0.65,18,,,,,,,unresolved_label,True,,,,,,,,,,LogD,2700,,2700,raw_unvalidated
1_s2_0_S0960894X09006258_main_p3_t2_row3_v4,table_property,1-s2.0-S0960894X09006258-main.pdf,3,"Compounds R1 R2 ORL1bindingaIC50(nM) AntagonismaIC50(nM) hERGbindingIC50(nM) LogD7.4 b 17 — 30-Cl 61 23,000 1.3",p3_t2,,3,pdfplumber.table+chemical_row_heuristic,0.65,18,,,,,,,unresolved_label,True,,,,,,,,,,table_value_4,2.1,,2.1,raw_unvalidated
1_s2_0_S0960894X09006258_main_p3_t2_row4_raw,raw_table_row,1-s2.0-S0960894X09006258-main.pdf,3,"Compounds R1 R2 ORL1bindingaIC50(nM) AntagonismaIC50(nM) hERGbindingIC50(nM) LogD7.4 b 17 — 30-Cl 61 23,000 1.3",p3_t2,,4,pdfplumber.table+chemical_row_heuristic,0.65,19,,,,,,,unresolved_label,True,,,,,,,,,,,,,"19 6-Me 30-Cl 4.0 4.7 16,000 1.7",raw_unvalidated
1_s2_0_S0960894X09006258_main_p3_t2_row4_v1,table_property,1-s2.0-S0960894X09006258-main.pdf,3,"Compounds R1 R2 ORL1bindingaIC50(nM) AntagonismaIC50(nM) hERGbindingIC50(nM) LogD7.4 b 17 — 30-Cl 61 23,000 1.3",p3_t2,,4,pdfplumber.table+chemical_row_heuristic,0.65,19,,,,,,,unresolved_label,True,,,,,,,,,,ORL1_IC50,4.0,nM,4.0,raw_unvalidated
1_s2_0_S0960894X09006258_main_p3_t2_row4_v2,table_property,1-s2.0-S0960894X09006258-main.pdf,3,"Compounds R1 R2 ORL1bindingaIC50(nM) AntagonismaIC50(nM) hERGbindingIC50(nM) LogD7.4 b 17 — 30-Cl 61 23,000 1.3",p3_t2,,4,pdfplumber.table+chemical_row_heuristic,0.65,19,,,,,,,unresolved_label,True,,,,,,,,,,hERG_IC50,4.7,nM,4.7,raw_unvalidated
1_s2_0_S0960894X09006258_main_p3_t2_row4_v3,table_property,1-s2.0-S0960894X09006258-main.pdf,3,"Compounds R1 R2 ORL1bindingaIC50(nM) AntagonismaIC50(nM) hERGbindingIC50(nM) LogD7.4 b 17 — 30-Cl 61 23,000 1.3",p3_t2,,4,pdfplumber.table+chemical_row_heuristic,0.65,19,,,,,,,unresolved_label,True,,,,,,,,,,LogD,"16,000",,"16,000",raw_unvalidated
1_s2_0_S0960894X09006258_main_p3_t2_row4_v4,table_property,1-s2.0-S0960894X09006258-main.pdf,3,"Compounds R1 R2 ORL1bindingaIC50(nM) AntagonismaIC50(nM) hERGbindingIC50(nM) LogD7.4 b 17 — 30-Cl 61 23,000 1.3",p3_t2,,4,pdfplumber.table+chemical_row_heuristic,0.65,19,,,,,,,unresolved_label,True,,,,,,,,,,table_value_4,1.7,,1.7,raw_unvalidated
1_s2_0_S0960894X09006258_main_p3_t2_row5_raw,raw_table_row,1-s2.0-S0960894X09006258-main.pdf,3,"Compounds R1 R2 ORL1bindingaIC50(nM) AntagonismaIC50(nM) hERGbindingIC50(nM) LogD7.4 b 17 — 30-Cl 61 23,000 1.3",p3_t2,,5,pdfplumber.table+chemical_row_heuristic,0.65,20,,,,,,,unresolved_label,True,,,,,,,,,,,,,20 6-Et 30-Cl 67 2.0,raw_unvalidated
1_s2_0_S0960894X09006258_main_p3_t2_row5_v1,table_property,1-s2.0-S0960894X09006258-main.pdf,3,"Compounds R1 R2 ORL1bindingaIC50(nM) AntagonismaIC50(nM) hERGbindingIC50(nM) LogD7.4 b 17 — 30-Cl 61 23,000 1.3",p3_t2,,5,pdfplumber.table+chemical_row_heuristic,0.65,20,,,,,,,unresolved_label,True,,,,,,,,,,ORL1_IC50,67,nM,67,raw_unvalidated
1_s2_0_S0960894X09006258_main_p3_t2_row5_v2,table_property,1-s2.0-S0960894X09006258-main.pdf,3,"Compounds R1 R2 ORL1bindingaIC50(nM) AntagonismaIC50(nM) hERGbindingIC50(nM) LogD7.4 b 17 — 30-Cl 61 23,000 1.3",p3_t2,,5,pdfplumber.table+chemical_row_heuristic,0.65,20,,,,,,,unresolved_label,True,,,,,,,,,,hERG_IC50,2.0,nM,2.0,raw_unvalidated
1_s2_0_S0960894X09006258_main_p3_t2_row6_raw,raw_table_row,1-s2.0-S0960894X09006258-main.pdf,3,"Compounds R1 R2 ORL1bindingaIC50(nM) AntagonismaIC50(nM) hERGbindingIC50(nM) LogD7.4 b 17 — 30-Cl 61 23,000 1.3",p3_t2,,6,pdfplumber.table+chemical_row_heuristic,0.65,21,,,,,,,unresolved_label,True,,,,,,,,,,,,,21 6-CF3 30-Cl 270 2.2,raw_unvalidated
1_s2_0_S0960894X09006258_main_p3_t2_row6_v1,table_property,1-s2.0-S0960894X09006258-main.pdf,3,"Compounds R1 R2 ORL1bindingaIC50(nM) AntagonismaIC50(nM) hERGbindingIC50(nM) LogD7.4 b 17 — 30-Cl 61 23,000 1.3",p3_t2,,6,pdfplumber.table+chemical_row_heuristic,0.65,21,,,,,,,unresolved_label,True,,,,,,,,,,ORL1_IC50,270,nM,270,raw_unvalidated
1_s2_0_S0960894X09006258_main_p3_t2_row6_v2,table_property,1-s2.0-S0960894X09006258-main.pdf,3,"Compounds R1 R2 ORL1bindingaIC50(nM) AntagonismaIC50(nM) hERGbindingIC50(nM) LogD7.4 b 17 — 30-Cl 61 23,000 1.3",p3_t2,,6,pdfplumber.table+chemical_row_heuristic,0.65,21,,,,,,,unresolved_label,True,,,,,,,,,,hERG_IC50,2.2,nM,2.2,raw_unvalidated
1_s2_0_S0960894X09006258_main_p3_t2_row7_raw,raw_table_row,1-s2.0-S0960894X09006258-main.pdf,3,"Compounds R1 R2 ORL1bindingaIC50(nM) AntagonismaIC50(nM) hERGbindingIC50(nM) LogD7.4 b 17 — 30-Cl 61 23,000 1.3",p3_t2,,7,pdfplumber.table+chemical_row_heuristic,0.65,22,,,,,,,unresolved_label,True,,,,,,,,,,,,,22 5-Me 30-Cl 13 9000 1.6,raw_unvalidated
1_s2_0_S0960894X09006258_main_p3_t2_row7_v1,table_property,1-s2.0-S0960894X09006258-main.pdf,3,"Compounds R1 R2 ORL1bindingaIC50(nM) AntagonismaIC50(nM) hERGbindingIC50(nM) LogD7.4 b 17 — 30-Cl 61 23,000 1.3",p3_t2,,7,pdfplumber.table+chemical_row_heuristic,0.65,22,,,,,,,unresolved_label,True,,,,,,,,,,ORL1_IC50,13,nM,13,raw_unvalidated
1_s2_0_S0960894X09006258_main_p3_t2_row7_v2,table_property,1-s2.0-S0960894X09006258-main.pdf,3,"Compounds R1 R2 ORL1bindingaIC50(nM) AntagonismaIC50(nM) hERGbindingIC50(nM) LogD7.4 b 17 — 30-Cl 61 23,000 1.3",p3_t2,,7,pdfplumber.table+chemical_row_heuristic,0.65,22,,,,,,,unresolved_label,True,,,,,,,,,,hERG_IC50,9000,nM,9000,raw_unvalidated
1_s2_0_S0960894X09006258_main_p3_t2_row7_v3,table_property,1-s2.0-S0960894X09006258-main.pdf,3,"Compounds R1 R2 ORL1bindingaIC50(nM) AntagonismaIC50(nM) hERGbindingIC50(nM) LogD7.4 b 17 — 30-Cl 61 23,000 1.3",p3_t2,,7,pdfplumber.table+chemical_row_heuristic,0.65,22,,,,,,,unresolved_label,True,,,,,,,,,,LogD,1.6,,1.6,raw_unvalidated
1_s2_0_S0960894X09006258_main_p3_t2_row8_raw,raw_table_row,1-s2.0-S0960894X09006258-main.pdf,3,"Compounds R1 R2 ORL1bindingaIC50(nM) AntagonismaIC50(nM) hERGbindingIC50(nM) LogD7.4 b 17 — 30-Cl 61 23,000 1.3",p3_t2,,8,pdfplumber.table+chemical_row_heuristic,0.65,23,,,,,,,unresolved_label,True,,,,,,,,,,,,,23 6-Me 30-Me 33 1.2,raw_unvalidated
1_s2_0_S0960894X09006258_main_p3_t2_row8_v1,table_property,1-s2.0-S0960894X09006258-main.pdf,3,"Compounds R1 R2 ORL1bindingaIC50(nM) AntagonismaIC50(nM) hERGbindingIC50(nM) LogD7.4 b 17 — 30-Cl 61 23,000 1.3",p3_t2,,8,pdfplumber.table+chemical_row_heuristic,0.65,23,,,,,,,unresolved_label,True,,,,,,,,,,ORL1_IC50,33,nM,33,raw_unvalidated
1_s2_0_S0960894X09006258_main_p3_t2_row8_v2,table_property,1-s2.0-S0960894X09006258-main.pdf,3,"Compounds R1 R2 ORL1bindingaIC50(nM) AntagonismaIC50(nM) hERGbindingIC50(nM) LogD7.4 b 17 — 30-Cl 61 23,000 1.3",p3_t2,,8,pdfplumber.table+chemical_row_heuristic,0.65,23,,,,,,,unresolved_label,True,,,,,,,,,,hERG_IC50,1.2,nM,1.2,raw_unvalidated
1_s2_0_S0960894X09006258_main_p3_t2_row9_raw,raw_table_row,1-s2.0-S0960894X09006258-main.pdf,3,"Compounds R1 R2 ORL1bindingaIC50(nM) AntagonismaIC50(nM) hERGbindingIC50(nM) LogD7.4 b 17 — 30-Cl 61 23,000 1.3",p3_t2,,9,pdfplumber.table+chemical_row_heuristic,0.65,24,,,,,,,unresolved_label,True,,,,,,,,,,,,,24 6-Me 30-CF3 36 1.9,raw_unvalidated
1_s2_0_S0960894X09006258_main_p3_t2_row9_v1,table_property,1-s2.0-S0960894X09006258-main.pdf,3,"Compounds R1 R2 ORL1bindingaIC50(nM) AntagonismaIC50(nM) hERGbindingIC50(nM) LogD7.4 b 17 — 30-Cl 61 23,000 1.3",p3_t2,,9,pdfplumber.table+chemical_row_heuristic,0.65,24,,,,,,,unresolved_label,True,,,,,,,,,,ORL1_IC50,36,nM,36,raw_unvalidated
1_s2_0_S0960894X09006258_main_p3_t2_row9_v2,table_property,1-s2.0-S0960894X09006258-main.pdf,3,"Compounds R1 R2 ORL1bindingaIC50(nM) AntagonismaIC50(nM) hERGbindingIC50(nM) LogD7.4 b 17 — 30-Cl 61 23,000 1.3",p3_t2,,9,pdfplumber.table+chemical_row_heuristic,0.65,24,,,,,,,unresolved_label,True,,,,,,,,,,hERG_IC50,1.9,nM,1.9,raw_unvalidated
1_s2_0_S0960894X09006258_main_p3_t2_row10_raw,raw_table_row,1-s2.0-S0960894X09006258-main.pdf,3,"Compounds R1 R2 ORL1bindingaIC50(nM) AntagonismaIC50(nM) hERGbindingIC50(nM) LogD7.4 b 17 — 30-Cl 61 23,000 1.3",p3_t2,,10,pdfplumber.table+chemical_row_heuristic,0.65,25,,,,,,,unresolved_label,True,,,,,,,,,,,,,25 6-Me 30-SO2Me 72,raw_unvalidated
1_s2_0_S0960894X09006258_main_p3_t2_row10_v1,table_property,1-s2.0-S0960894X09006258-main.pdf,3,"Compounds R1 R2 ORL1bindingaIC50(nM) AntagonismaIC50(nM) hERGbindingIC50(nM) LogD7.4 b 17 — 30-Cl 61 23,000 1.3",p3_t2,,10,pdfplumber.table+chemical_row_heuristic,0.65,25,,,,,,,unresolved_label,True,,,,,,,,,,ORL1_IC50,72,nM,72,raw_unvalidated
1_s2_0_S0960894X09006258_main_p3_t2_row11_raw,raw_table_row,1-s2.0-S0960894X09006258-main.pdf,3,"Compounds R1 R2 ORL1bindingaIC50(nM) AntagonismaIC50(nM) hERGbindingIC50(nM) LogD7.4 b 17 — 30-Cl 61 23,000 1.3",p3_t2,,11,pdfplumber.table+chemical_row_heuristic,0.65,26,,,,,,,unresolved_label,True,,,,,,,,,,,,,"26 6-Me 30-Cl,50-Cl 8.2 1200 2.5",raw_unvalidated
1_s2_0_S0960894X09006258_main_p3_t2_row11_v1,table_property,1-s2.0-S0960894X09006258-main.pdf,3,"Compounds R1 R2 ORL1bindingaIC50(nM) AntagonismaIC50(nM) hERGbindingIC50(nM) LogD7.4 b 17 — 30-Cl 61 23,000 1.3",p3_t2,,11,pdfplumber.table+chemical_row_heuristic,0.65,26,,,,,,,unresolved_label,True,,,,,,,,,,ORL1_IC50,8.2,nM,8.2,raw_unvalidated
1_s2_0_S0960894X09006258_main_p3_t2_row11_v2,table_property,1-s2.0-S0960894X09006258-main.pdf,3,"Compounds R1 R2 ORL1bindingaIC50(nM) AntagonismaIC50(nM) hERGbindingIC50(nM) LogD7.4 b 17 — 30-Cl 61 23,000 1.3",p3_t2,,11,pdfplumber.table+chemical_row_heuristic,0.65,26,,,,,,,unresolved_label,True,,,,,,,,,,hERG_IC50,1200,nM,1200,raw_unvalidated
1_s2_0_S0960894X09006258_main_p3_t2_row11_v3,table_property,1-s2.0-S0960894X09006258-main.pdf,3,"Compounds R1 R2 ORL1bindingaIC50(nM) AntagonismaIC50(nM) hERGbindingIC50(nM) LogD7.4 b 17 — 30-Cl 61 23,000 1.3",p3_t2,,11,pdfplumber.table+chemical_row_heuristic,0.65,26,,,,,,,unresolved_label,True,,,,,,,,,,LogD,2.5,,2.5,raw_unvalidated
1_s2_0_S0960894X09006258_main_p4_t1_row3_raw,raw_table_row,1-s2.0-S0960894X09006258-main.pdf,4,Compounds R1 R2 ORL1bindingaIC50(nM) AntagonismaIC50(nM) hERGbindingIC50(nM) logD7.4 b humanP-gptransportratioc pKa d N1 N2,p4_t1,,3,pdfplumber.table+chemical_row_heuristic,0.65,19,,,,,,,unresolved_label,True,,,,,,,,,,,,,"19 H 4.0 4.7 16,000 1.7 4.1 8.2 4.5",raw_unvalidated
1_s2_0_S0960894X09006258_main_p4_t1_row3_v1,table_property,1-s2.0-S0960894X09006258-main.pdf,4,Compounds R1 R2 ORL1bindingaIC50(nM) AntagonismaIC50(nM) hERGbindingIC50(nM) logD7.4 b humanP-gptransportratioc pKa d N1 N2,p4_t1,,3,pdfplumber.table+chemical_row_heuristic,0.65,19,,,,,,,unresolved_label,True,,,,,,,,,,ORL1_IC50,4.0,nM,4.0,raw_unvalidated
1_s2_0_S0960894X09006258_main_p4_t1_row3_v2,table_property,1-s2.0-S0960894X09006258-main.pdf,4,Compounds R1 R2 ORL1bindingaIC50(nM) AntagonismaIC50(nM) hERGbindingIC50(nM) logD7.4 b humanP-gptransportratioc pKa d N1 N2,p4_t1,,3,pdfplumber.table+chemical_row_heuristic,0.65,19,,,,,,,unresolved_label,True,,,,,,,,,,hERG_IC50,4.7,nM,4.7,raw_unvalidated
1_s2_0_S0960894X09006258_main_p4_t1_row3_v3,table_property,1-s2.0-S0960894X09006258-main.pdf,4,Compounds R1 R2 ORL1bindingaIC50(nM) AntagonismaIC50(nM) hERGbindingIC50(nM) logD7.4 b humanP-gptransportratioc pKa d N1 N2,p4_t1,,3,pdfplumber.table+chemical_row_heuristic,0.65,19,,,,,,,unresolved_label,True,,,,,,,,,,LogD,"16,000",,"16,000",raw_unvalidated
1_s2_0_S0960894X09006258_main_p4_t1_row3_v4,table_property,1-s2.0-S0960894X09006258-main.pdf,4,Compounds R1 R2 ORL1bindingaIC50(nM) AntagonismaIC50(nM) hERGbindingIC50(nM) logD7.4 b humanP-gptransportratioc pKa d N1 N2,p4_t1,,3,pdfplumber.table+chemical_row_heuristic,0.65,19,,,,,,,unresolved_label,True,,,,,,,,,,table_value_4,1.7,,1.7,raw_unvalidated
1_s2_0_S0960894X09006258_main_p4_t1_row3_v5,table_property,1-s2.0-S0960894X09006258-main.pdf,4,Compounds R1 R2 ORL1bindingaIC50(nM) AntagonismaIC50(nM) hERGbindingIC50(nM) logD7.4 b humanP-gptransportratioc pKa d N1 N2,p4_t1,,3,pdfplumber.table+chemical_row_heuristic,0.65,19,,,,,,,unresolved_label,True,,,,,,,,,,table_value_5,4.1,,4.1,raw_unvalidated
1_s2_0_S0960894X09006258_main_p4_t1_row3_v6,table_property,1-s2.0-S0960894X09006258-main.pdf,4,Compounds R1 R2 ORL1bindingaIC50(nM) AntagonismaIC50(nM) hERGbindingIC50(nM) logD7.4 b humanP-gptransportratioc pKa d N1 N2,p4_t1,,3,pdfplumber.table+chemical_row_heuristic,0.65,19,,,,,,,unresolved_label,True,,,,,,,,,,table_value_6,8.2,,8.2,raw_unvalidated
1_s2_0_S0960894X09006258_main_p4_t1_row3_v7,table_property,1-s2.0-S0960894X09006258-main.pdf,4,Compounds R1 R2 ORL1bindingaIC50(nM) AntagonismaIC50(nM) hERGbindingIC50(nM) logD7.4 b humanP-gptransportratioc pKa d N1 N2,p4_t1,,3,pdfplumber.table+chemical_row_heuristic,0.65,19,,,,,,,unresolved_label,True,,,,,,,,,,table_value_7,4.5,,4.5,raw_unvalidated
1_s2_0_S0960894X09006258_main_p4_t1_row4_raw,raw_table_row,1-s2.0-S0960894X09006258-main.pdf,4,Compounds R1 R2 ORL1bindingaIC50(nM) AntagonismaIC50(nM) hERGbindingIC50(nM) logD7.4 b humanP-gptransportratioc pKa d N1 N2,p4_t1,,4,pdfplumber.table+chemical_row_heuristic,0.65,27e,,,,,,,unresolved_label,True,,,,,,,,,,,,,"27e H 11 7.1 30,000 2.0 1.9 6.9 4.5",raw_unvalidated
1_s2_0_S0960894X09006258_main_p4_t1_row4_v1,table_property,1-s2.0-S0960894X09006258-main.pdf,4,Compounds R1 R2 ORL1bindingaIC50(nM) AntagonismaIC50(nM) hERGbindingIC50(nM) logD7.4 b humanP-gptransportratioc pKa d N1 N2,p4_t1,,4,pdfplumber.table+chemical_row_heuristic,0.65,27e,,,,,,,unresolved_label,True,,,,,,,,,,ORL1_IC50,11,nM,11,raw_unvalidated
1_s2_0_S0960894X09006258_main_p4_t1_row4_v2,table_property,1-s2.0-S0960894X09006258-main.pdf,4,Compounds R1 R2 ORL1bindingaIC50(nM) AntagonismaIC50(nM) hERGbindingIC50(nM) logD7.4 b humanP-gptransportratioc pKa d N1 N2,p4_t1,,4,pdfplumber.table+chemical_row_heuristic,0.65,27e,,,,,,,unresolved_label,True,,,,,,,,,,hERG_IC50,7.1,nM,7.1,raw_unvalidated
1_s2_0_S0960894X09006258_main_p4_t1_row4_v3,table_property,1-s2.0-S0960894X09006258-main.pdf,4,Compounds R1 R2 ORL1bindingaIC50(nM) AntagonismaIC50(nM) hERGbindingIC50(nM) logD7.4 b humanP-gptransportratioc pKa d N1 N2,p4_t1,,4,pdfplumber.table+chemical_row_heuristic,0.65,27e,,,,,,,unresolved_label,True,,,,,,,,,,LogD,"30,000",,"30,000",raw_unvalidated
1_s2_0_S0960894X09006258_main_p4_t1_row4_v4,table_property,1-s2.0-S0960894X09006258-main.pdf,4,Compounds R1 R2 ORL1bindingaIC50(nM) AntagonismaIC50(nM) hERGbindingIC50(nM) logD7.4 b humanP-gptransportratioc pKa d N1 N2,p4_t1,,4,pdfplumber.table+chemical_row_heuristic,0.65,27e,,,,,,,unresolved_label,True,,,,,,,,,,table_value_4,2.0,,2.0,raw_unvalidated
1_s2_0_S0960894X09006258_main_p4_t1_row4_v5,table_property,1-s2.0-S0960894X09006258-main.pdf,4,Compounds R1 R2 ORL1bindingaIC50(nM) AntagonismaIC50(nM) hERGbindingIC50(nM) logD7.4 b humanP-gptransportratioc pKa d N1 N2,p4_t1,,4,pdfplumber.table+chemical_row_heuristic,0.65,27e,,,,,,,unresolved_label,True,,,,,,,,,,table_value_5,1.9,,1.9,raw_unvalidated
1_s2_0_S0960894X09006258_main_p4_t1_row4_v6,table_property,1-s2.0-S0960894X09006258-main.pdf,4,Compounds R1 R2 ORL1bindingaIC50(nM) AntagonismaIC50(nM) hERGbindingIC50(nM) logD7.4 b humanP-gptransportratioc pKa d N1 N2,p4_t1,,4,pdfplumber.table+chemical_row_heuristic,0.65,27e,,,,,,,unresolved_label,True,,,,,,,,,,table_value_6,6.9,,6.9,raw_unvalidated
1_s2_0_S0960894X09006258_main_p4_t1_row4_v7,table_property,1-s2.0-S0960894X09006258-main.pdf,4,Compounds R1 R2 ORL1bindingaIC50(nM) AntagonismaIC50(nM) hERGbindingIC50(nM) logD7.4 b humanP-gptransportratioc pKa d N1 N2,p4_t1,,4,pdfplumber.table+chemical_row_heuristic,0.65,27e,,,,,,,unresolved_label,True,,,,,,,,,,table_value_7,4.5,,4.5,raw_unvalidated
1_s2_0_S0960894X09006258_main_p4_t1_row5_raw,raw_table_row,1-s2.0-S0960894X09006258-main.pdf,4,Compounds R1 R2 ORL1bindingaIC50(nM) AntagonismaIC50(nM) hERGbindingIC50(nM) logD7.4 b humanP-gptransportratioc pKa d N1 N2,p4_t1,,5,pdfplumber.table+chemical_row_heuristic,0.65,28e,,,,,,,unresolved_label,True,,,,,,,,,,,,,"28e H 2.5 1.0 29,000 1.3 4.4 7.4 4.5",raw_unvalidated
1_s2_0_S0960894X09006258_main_p4_t1_row5_v1,table_property,1-s2.0-S0960894X09006258-main.pdf,4,Compounds R1 R2 ORL1bindingaIC50(nM) AntagonismaIC50(nM) hERGbindingIC50(nM) logD7.4 b humanP-gptransportratioc pKa d N1 N2,p4_t1,,5,pdfplumber.table+chemical_row_heuristic,0.65,28e,,,,,,,unresolved_label,True,,,,,,,,,,ORL1_IC50,2.5,nM,2.5,raw_unvalidated
1_s2_0_S0960894X09006258_main_p4_t1_row5_v2,table_property,1-s2.0-S0960894X09006258-main.pdf,4,Compounds R1 R2 ORL1bindingaIC50(nM) AntagonismaIC50(nM) hERGbindingIC50(nM) logD7.4 b humanP-gptransportratioc pKa d N1 N2,p4_t1,,5,pdfplumber.table+chemical_row_heuristic,0.65,28e,,,,,,,unresolved_label,True,,,,,,,,,,hERG_IC50,1.0,nM,1.0,raw_unvalidated
1_s2_0_S0960894X09006258_main_p4_t1_row5_v3,table_property,1-s2.0-S0960894X09006258-main.pdf,4,Compounds R1 R2 ORL1bindingaIC50(nM) AntagonismaIC50(nM) hERGbindingIC50(nM) logD7.4 b humanP-gptransportratioc pKa d N1 N2,p4_t1,,5,pdfplumber.table+chemical_row_heuristic,0.65,28e,,,,,,,unresolved_label,True,,,,,,,,,,LogD,"29,000",,"29,000",raw_unvalidated
1_s2_0_S0960894X09006258_main_p4_t1_row5_v4,table_property,1-s2.0-S0960894X09006258-main.pdf,4,Compounds R1 R2 ORL1bindingaIC50(nM) AntagonismaIC50(nM) hERGbindingIC50(nM) logD7.4 b humanP-gptransportratioc pKa d N1 N2,p4_t1,,5,pdfplumber.table+chemical_row_heuristic,0.65,28e,,,,,,,unresolved_label,True,,,,,,,,,,table_value_4,1.3,,1.3,raw_unvalidated
1_s2_0_S0960894X09006258_main_p4_t1_row5_v5,table_property,1-s2.0-S0960894X09006258-main.pdf,4,Compounds R1 R2 ORL1bindingaIC50(nM) AntagonismaIC50(nM) hERGbindingIC50(nM) logD7.4 b humanP-gptransportratioc pKa d N1 N2,p4_t1,,5,pdfplumber.table+chemical_row_heuristic,0.65,28e,,,,,,,unresolved_label,True,,,,,,,,,,table_value_5,4.4,,4.4,raw_unvalidated
1_s2_0_S0960894X09006258_main_p4_t1_row5_v6,table_property,1-s2.0-S0960894X09006258-main.pdf,4,Compounds R1 R2 ORL1bindingaIC50(nM) AntagonismaIC50(nM) hERGbindingIC50(nM) logD7.4 b humanP-gptransportratioc pKa d N1 N2,p4_t1,,5,pdfplumber.table+chemical_row_heuristic,0.65,28e,,,,,,,unresolved_label,True,,,,,,,,,,table_value_6,7.4,,7.4,raw_unvalidated
1_s2_0_S0960894X09006258_main_p4_t1_row5_v7,table_property,1-s2.0-S0960894X09006258-main.pdf,4,Compounds R1 R2 ORL1bindingaIC50(nM) AntagonismaIC50(nM) hERGbindingIC50(nM) logD7.4 b humanP-gptransportratioc pKa d N1 N2,p4_t1,,5,pdfplumber.table+chemical_row_heuristic,0.65,28e,,,,,,,unresolved_label,True,,,,,,,,,,table_value_7,4.5,,4.5,raw_unvalidated
1_s2_0_S0960894X09006258_main_p4_t1_row6_raw,raw_table_row,1-s2.0-S0960894X09006258-main.pdf,4,Compounds R1 R2 ORL1bindingaIC50(nM) AntagonismaIC50(nM) hERGbindingIC50(nM) logD7.4 b humanP-gptransportratioc pKa d N1 N2,p4_t1,,6,pdfplumber.table+chemical_row_heuristic,0.65,29e,,,,,,,unresolved_label,True,,,,,,,,,,,,,"29e H 9.3 4.5 21,000 2.1 1.4 6.5 4.5",raw_unvalidated
1_s2_0_S0960894X09006258_main_p4_t1_row6_v1,table_property,1-s2.0-S0960894X09006258-main.pdf,4,Compounds R1 R2 ORL1bindingaIC50(nM) AntagonismaIC50(nM) hERGbindingIC50(nM) logD7.4 b humanP-gptransportratioc pKa d N1 N2,p4_t1,,6,pdfplumber.table+chemical_row_heuristic,0.65,29e,,,,,,,unresolved_label,True,,,,,,,,,,ORL1_IC50,9.3,nM,9.3,raw_unvalidated
1_s2_0_S0960894X09006258_main_p4_t1_row6_v2,table_property,1-s2.0-S0960894X09006258-main.pdf,4,Compounds R1 R2 ORL1bindingaIC50(nM) AntagonismaIC50(nM) hERGbindingIC50(nM) logD7.4 b humanP-gptransportratioc pKa d N1 N2,p4_t1,,6,pdfplumber.table+chemical_row_heuristic,0.65,29e,,,,,,,unresolved_label,True,,,,,,,,,,hERG_IC50,4.5,nM,4.5,raw_unvalidated
1_s2_0_S0960894X09006258_main_p4_t1_row6_v3,table_property,1-s2.0-S0960894X09006258-main.pdf,4,Compounds R1 R2 ORL1bindingaIC50(nM) AntagonismaIC50(nM) hERGbindingIC50(nM) logD7.4 b humanP-gptransportratioc pKa d N1 N2,p4_t1,,6,pdfplumber.table+chemical_row_heuristic,0.65,29e,,,,,,,unresolved_label,True,,,,,,,,,,LogD,"21,000",,"21,000",raw_unvalidated
1_s2_0_S0960894X09006258_main_p4_t1_row6_v4,table_property,1-s2.0-S0960894X09006258-main.pdf,4,Compounds R1 R2 ORL1bindingaIC50(nM) AntagonismaIC50(nM) hERGbindingIC50(nM) logD7.4 b humanP-gptransportratioc pKa d N1 N2,p4_t1,,6,pdfplumber.table+chemical_row_heuristic,0.65,29e,,,,,,,unresolved_label,True,,,,,,,,,,table_value_4,2.1,,2.1,raw_unvalidated
1_s2_0_S0960894X09006258_main_p4_t1_row6_v5,table_property,1-s2.0-S0960894X09006258-main.pdf,4,Compounds R1 R2 ORL1bindingaIC50(nM) AntagonismaIC50(nM) hERGbindingIC50(nM) logD7.4 b humanP-gptransportratioc pKa d N1 N2,p4_t1,,6,pdfplumber.table+chemical_row_heuristic,0.65,29e,,,,,,,unresolved_label,True,,,,,,,,,,table_value_5,1.4,,1.4,raw_unvalidated
1_s2_0_S0960894X09006258_main_p4_t1_row6_v6,table_property,1-s2.0-S0960894X09006258-main.pdf,4,Compounds R1 R2 ORL1bindingaIC50(nM) AntagonismaIC50(nM) hERGbindingIC50(nM) logD7.4 b humanP-gptransportratioc pKa d N1 N2,p4_t1,,6,pdfplumber.table+chemical_row_heuristic,0.65,29e,,,,,,,unresolved_label,True,,,,,,,,,,table_value_6,6.5,,6.5,raw_unvalidated
1_s2_0_S0960894X09006258_main_p4_t1_row6_v7,table_property,1-s2.0-S0960894X09006258-main.pdf,4,Compounds R1 R2 ORL1bindingaIC50(nM) AntagonismaIC50(nM) hERGbindingIC50(nM) logD7.4 b humanP-gptransportratioc pKa d N1 N2,p4_t1,,6,pdfplumber.table+chemical_row_heuristic,0.65,29e,,,,,,,unresolved_label,True,,,,,,,,,,table_value_7,4.5,,4.5,raw_unvalidated
1_s2_0_S0960894X09006258_main_p4_t1_row7_raw,raw_table_row,1-s2.0-S0960894X09006258-main.pdf,4,Compounds R1 R2 ORL1bindingaIC50(nM) AntagonismaIC50(nM) hERGbindingIC50(nM) logD7.4 b humanP-gptransportratioc pKa d N1 N2,p4_t1,,7,pdfplumber.table+chemical_row_heuristic,0.65,30,,,,,,,unresolved_label,True,,,,,,,,,,,,,"30 F 1.1 1.2 23,000 2.1 2.3 8.2 2.1",raw_unvalidated
1_s2_0_S0960894X09006258_main_p4_t1_row7_v1,table_property,1-s2.0-S0960894X09006258-main.pdf,4,Compounds R1 R2 ORL1bindingaIC50(nM) AntagonismaIC50(nM) hERGbindingIC50(nM) logD7.4 b humanP-gptransportratioc pKa d N1 N2,p4_t1,,7,pdfplumber.table+chemical_row_heuristic,0.65,30,,,,,,,unresolved_label,True,,,,,,,,,,ORL1_IC50,1.1,nM,1.1,raw_unvalidated
1_s2_0_S0960894X09006258_main_p4_t1_row7_v2,table_property,1-s2.0-S0960894X09006258-main.pdf,4,Compounds R1 R2 ORL1bindingaIC50(nM) AntagonismaIC50(nM) hERGbindingIC50(nM) logD7.4 b humanP-gptransportratioc pKa d N1 N2,p4_t1,,7,pdfplumber.table+chemical_row_heuristic,0.65,30,,,,,,,unresolved_label,True,,,,,,,,,,hERG_IC50,1.2,nM,1.2,raw_unvalidated
1_s2_0_S0960894X09006258_main_p4_t1_row7_v3,table_property,1-s2.0-S0960894X09006258-main.pdf,4,Compounds R1 R2 ORL1bindingaIC50(nM) AntagonismaIC50(nM) hERGbindingIC50(nM) logD7.4 b humanP-gptransportratioc pKa d N1 N2,p4_t1,,7,pdfplumber.table+chemical_row_heuristic,0.65,30,,,,,,,unresolved_label,True,,,,,,,,,,LogD,"23,000",,"23,000",raw_unvalidated
1_s2_0_S0960894X09006258_main_p4_t1_row7_v4,table_property,1-s2.0-S0960894X09006258-main.pdf,4,Compounds R1 R2 ORL1bindingaIC50(nM) AntagonismaIC50(nM) hERGbindingIC50(nM) logD7.4 b humanP-gptransportratioc pKa d N1 N2,p4_t1,,7,pdfplumber.table+chemical_row_heuristic,0.65,30,,,,,,,unresolved_label,True,,,,,,,,,,table_value_4,2.1,,2.1,raw_unvalidated
1_s2_0_S0960894X09006258_main_p4_t1_row7_v5,table_property,1-s2.0-S0960894X09006258-main.pdf,4,Compounds R1 R2 ORL1bindingaIC50(nM) AntagonismaIC50(nM) hERGbindingIC50(nM) logD7.4 b humanP-gptransportratioc pKa d N1 N2,p4_t1,,7,pdfplumber.table+chemical_row_heuristic,0.65,30,,,,,,,unresolved_label,True,,,,,,,,,,table_value_5,2.3,,2.3,raw_unvalidated
1_s2_0_S0960894X09006258_main_p4_t1_row7_v6,table_property,1-s2.0-S0960894X09006258-main.pdf,4,Compounds R1 R2 ORL1bindingaIC50(nM) AntagonismaIC50(nM) hERGbindingIC50(nM) logD7.4 b humanP-gptransportratioc pKa d N1 N2,p4_t1,,7,pdfplumber.table+chemical_row_heuristic,0.65,30,,,,,,,unresolved_label,True,,,,,,,,,,table_value_6,8.2,,8.2,raw_unvalidated
1_s2_0_S0960894X09006258_main_p4_t1_row7_v7,table_property,1-s2.0-S0960894X09006258-main.pdf,4,Compounds R1 R2 ORL1bindingaIC50(nM) AntagonismaIC50(nM) hERGbindingIC50(nM) logD7.4 b humanP-gptransportratioc pKa d N1 N2,p4_t1,,7,pdfplumber.table+chemical_row_heuristic,0.65,30,,,,,,,unresolved_label,True,,,,,,,,,,table_value_7,2.1,,2.1,raw_unvalidated
1_s2_0_S0960894X09006258_main_p4_t1_row8_raw,raw_table_row,1-s2.0-S0960894X09006258-main.pdf,4,Compounds R1 R2 ORL1bindingaIC50(nM) AntagonismaIC50(nM) hERGbindingIC50(nM) logD7.4 b humanP-gptransportratioc pKa d N1 N2,p4_t1,,8,pdfplumber.table+chemical_row_heuristic,0.65,31,,,,,,,unresolved_label,True,,,,,,,,,,,,,"31 F 0.52 0.31 41,000 1.8 1.7 7.4 2.1",raw_unvalidated
1_s2_0_S0960894X09006258_main_p4_t1_row8_v1,table_property,1-s2.0-S0960894X09006258-main.pdf,4,Compounds R1 R2 ORL1bindingaIC50(nM) AntagonismaIC50(nM) hERGbindingIC50(nM) logD7.4 b humanP-gptransportratioc pKa d N1 N2,p4_t1,,8,pdfplumber.table+chemical_row_heuristic,0.65,31,,,,,,,unresolved_label,True,,,,,,,,,,ORL1_IC50,0.52,nM,0.52,raw_unvalidated
1_s2_0_S0960894X09006258_main_p4_t1_row8_v2,table_property,1-s2.0-S0960894X09006258-main.pdf,4,Compounds R1 R2 ORL1bindingaIC50(nM) AntagonismaIC50(nM) hERGbindingIC50(nM) logD7.4 b humanP-gptransportratioc pKa d N1 N2,p4_t1,,8,pdfplumber.table+chemical_row_heuristic,0.65,31,,,,,,,unresolved_label,True,,,,,,,,,,hERG_IC50,0.31,nM,0.31,raw_unvalidated
1_s2_0_S0960894X09006258_main_p4_t1_row8_v3,table_property,1-s2.0-S0960894X09006258-main.pdf,4,Compounds R1 R2 ORL1bindingaIC50(nM) AntagonismaIC50(nM) hERGbindingIC50(nM) logD7.4 b humanP-gptransportratioc pKa d N1 N2,p4_t1,,8,pdfplumber.table+chemical_row_heuristic,0.65,31,,,,,,,unresolved_label,True,,,,,,,,,,LogD,"41,000",,"41,000",raw_unvalidated
1_s2_0_S0960894X09006258_main_p4_t1_row8_v4,table_property,1-s2.0-S0960894X09006258-main.pdf,4,Compounds R1 R2 ORL1bindingaIC50(nM) AntagonismaIC50(nM) hERGbindingIC50(nM) logD7.4 b humanP-gptransportratioc pKa d N1 N2,p4_t1,,8,pdfplumber.table+chemical_row_heuristic,0.65,31,,,,,,,unresolved_label,True,,,,,,,,,,table_value_4,1.8,,1.8,raw_unvalidated
1_s2_0_S0960894X09006258_main_p4_t1_row8_v5,table_property,1-s2.0-S0960894X09006258-main.pdf,4,Compounds R1 R2 ORL1bindingaIC50(nM) AntagonismaIC50(nM) hERGbindingIC50(nM) logD7.4 b humanP-gptransportratioc pKa d N1 N2,p4_t1,,8,pdfplumber.table+chemical_row_heuristic,0.65,31,,,,,,,unresolved_label,True,,,,,,,,,,table_value_5,1.7,,1.7,raw_unvalidated
1_s2_0_S0960894X09006258_main_p4_t1_row8_v6,table_property,1-s2.0-S0960894X09006258-main.pdf,4,Compounds R1 R2 ORL1bindingaIC50(nM) AntagonismaIC50(nM) hERGbindingIC50(nM) logD7.4 b humanP-gptransportratioc pKa d N1 N2,p4_t1,,8,pdfplumber.table+chemical_row_heuristic,0.65,31,,,,,,,unresolved_label,True,,,,,,,,,,table_value_6,7.4,,7.4,raw_unvalidated
1_s2_0_S0960894X09006258_main_p4_t1_row8_v7,table_property,1-s2.0-S0960894X09006258-main.pdf,4,Compounds R1 R2 ORL1bindingaIC50(nM) AntagonismaIC50(nM) hERGbindingIC50(nM) logD7.4 b humanP-gptransportratioc pKa d N1 N2,p4_t1,,8,pdfplumber.table+chemical_row_heuristic,0.65,31,,,,,,,unresolved_label,True,,,,,,,,,,table_value_7,2.1,,2.1,raw_unvalidated
1_s2_0_S0960894X09006258_main_p4_t2_row3_raw,raw_table_row,1-s2.0-S0960894X09006258-main.pdf,4,Compounds BindingIC50(nM) ORL1 la ja 31 0.52 5600 530,p4_t2,,3,pdfplumber.table+chemical_row_heuristic,0.65,31,,,,,,,unresolved_label,True,,,,,,,,,,,,,31 0.52 5600 530,raw_unvalidated
1_s2_0_S0960894X09006258_main_p4_t2_row3_v1,table_property,1-s2.0-S0960894X09006258-main.pdf,4,Compounds BindingIC50(nM) ORL1 la ja 31 0.52 5600 530,p4_t2,,3,pdfplumber.table+chemical_row_heuristic,0.65,31,,,,,,,unresolved_label,True,,,,,,,,,,IC50,0.52,nM,0.52,raw_unvalidated
1_s2_0_S0960894X09006258_main_p4_t2_row3_v2,table_property,1-s2.0-S0960894X09006258-main.pdf,4,Compounds BindingIC50(nM) ORL1 la ja 31 0.52 5600 530,p4_t2,,3,pdfplumber.table+chemical_row_heuristic,0.65,31,,,,,,,unresolved_label,True,,,,,,,,,,table_value_2,5600,,5600,raw_unvalidated
1_s2_0_S0960894X09006258_main_p4_t2_row3_v3,table_property,1-s2.0-S0960894X09006258-main.pdf,4,Compounds BindingIC50(nM) ORL1 la ja 31 0.52 5600 530,p4_t2,,3,pdfplumber.table+chemical_row_heuristic,0.65,31,,,,,,,unresolved_label,True,,,,,,,,,,table_value_3,530,,530,raw_unvalidated
1_s2_0_S0960894X09006258_main_text_p3_l5_v1_125,text_property,1-s2.0-S0960894X09006258-main.pdf,3,Table2 Bindingaffinitiesof13–17towardORL1andhERG Compounds R1 R2 ORL1bindingaIC50(nM) hERGbindingIC50(nM) LogD7.4 b,,,5,pdfplumber.text+chemical_row_heuristic,0.45,13,,,,,,,unresolved_label,True,,,,,,,,,,ORL1_IC50,28,nM,13 28 23 >4,raw_unvalidated
1_s2_0_S0960894X09006258_main_text_p3_l5_v2_126,text_property,1-s2.0-S0960894X09006258-main.pdf,3,Table2 Bindingaffinitiesof13–17towardORL1andhERG Compounds R1 R2 ORL1bindingaIC50(nM) hERGbindingIC50(nM) LogD7.4 b,,,5,pdfplumber.text+chemical_row_heuristic,0.45,13,,,,,,,unresolved_label,True,,,,,,,,,,hERG_IC50,23,nM,13 28 23 >4,raw_unvalidated
1_s2_0_S0960894X09006258_main_text_p3_l5_v3_127,text_property,1-s2.0-S0960894X09006258-main.pdf,3,Table2 Bindingaffinitiesof13–17towardORL1andhERG Compounds R1 R2 ORL1bindingaIC50(nM) hERGbindingIC50(nM) LogD7.4 b,,,5,pdfplumber.text+chemical_row_heuristic,0.45,13,,,,,,,unresolved_label,True,,,,,,,,,,LogD,>4,,13 28 23 >4,raw_unvalidated
1_s2_0_S0960894X09006258_main_text_p3_l6_v1_128,text_property,1-s2.0-S0960894X09006258-main.pdf,3,Table2 Bindingaffinitiesof13–17towardORL1andhERG Compounds R1 R2 ORL1bindingaIC50(nM) hERGbindingIC50(nM) LogD7.4 b,,,6,pdfplumber.text+chemical_row_heuristic,0.45,14,,,,,,,unresolved_label,True,,,,,,,,,,ORL1_IC50,"""",nM,"14 "" 530",raw_unvalidated
1_s2_0_S0960894X09006258_main_text_p3_l6_v2_129,text_property,1-s2.0-S0960894X09006258-main.pdf,3,Table2 Bindingaffinitiesof13–17towardORL1andhERG Compounds R1 R2 ORL1bindingaIC50(nM) hERGbindingIC50(nM) LogD7.4 b,,,6,pdfplumber.text+chemical_row_heuristic,0.45,14,,,,,,,unresolved_label,True,,,,,,,,,,hERG_IC50,530,nM,"14 "" 530",raw_unvalidated
1_s2_0_S0960894X09006258_main_text_p3_l7_v1_130,text_property,1-s2.0-S0960894X09006258-main.pdf,3,Table2 Bindingaffinitiesof13–17towardORL1andhERG Compounds R1 R2 ORL1bindingaIC50(nM) hERGbindingIC50(nM) LogD7.4 b,,,7,pdfplumber.text+chemical_row_heuristic,0.45,15,,,,,,,unresolved_label,True,,,,,,,,,,ORL1_IC50,"""",nM,"15 "" 37 2900 2.9",raw_unvalidated
1_s2_0_S0960894X09006258_main_text_p3_l7_v2_131,text_property,1-s2.0-S0960894X09006258-main.pdf,3,Table2 Bindingaffinitiesof13–17towardORL1andhERG Compounds R1 R2 ORL1bindingaIC50(nM) hERGbindingIC50(nM) LogD7.4 b,,,7,pdfplumber.text+chemical_row_heuristic,0.45,15,,,,,,,unresolved_label,True,,,,,,,,,,hERG_IC50,37,nM,"15 "" 37 2900 2.9",raw_unvalidated
1_s2_0_S0960894X09006258_main_text_p3_l7_v3_132,text_property,1-s2.0-S0960894X09006258-main.pdf,3,Table2 Bindingaffinitiesof13–17towardORL1andhERG Compounds R1 R2 ORL1bindingaIC50(nM) hERGbindingIC50(nM) LogD7.4 b,,,7,pdfplumber.text+chemical_row_heuristic,0.45,15,,,,,,,unresolved_label,True,,,,,,,,,,LogD,2900,,"15 "" 37 2900 2.9",raw_unvalidated
1_s2_0_S0960894X09006258_main_text_p3_l7_v4_133,text_property,1-s2.0-S0960894X09006258-main.pdf,3,Table2 Bindingaffinitiesof13–17towardORL1andhERG Compounds R1 R2 ORL1bindingaIC50(nM) hERGbindingIC50(nM) LogD7.4 b,,,7,pdfplumber.text+chemical_row_heuristic,0.45,15,,,,,,,unresolved_label,True,,,,,,,,,,table_value_4,2.9,,"15 "" 37 2900 2.9",raw_unvalidated
1_s2_0_S0960894X09006258_main_text_p3_l8_v1_134,text_property,1-s2.0-S0960894X09006258-main.pdf,3,Table2 Bindingaffinitiesof13–17towardORL1andhERG Compounds R1 R2 ORL1bindingaIC50(nM) hERGbindingIC50(nM) LogD7.4 b,,,8,pdfplumber.text+chemical_row_heuristic,0.45,16,,,,,,,unresolved_label,True,,,,,,,,,,ORL1_IC50,"""",nM,"16 "" >1000",raw_unvalidated
1_s2_0_S0960894X09006258_main_text_p3_l8_v2_135,text_property,1-s2.0-S0960894X09006258-main.pdf,3,Table2 Bindingaffinitiesof13–17towardORL1andhERG Compounds R1 R2 ORL1bindingaIC50(nM) hERGbindingIC50(nM) LogD7.4 b,,,8,pdfplumber.text+chemical_row_heuristic,0.45,16,,,,,,,unresolved_label,True,,,,,,,,,,hERG_IC50,>1000,nM,"16 "" >1000",raw_unvalidated
1_s2_0_S0960894X09006258_main_text_p3_l9_v1_136,text_property,1-s2.0-S0960894X09006258-main.pdf,3,Table2 Bindingaffinitiesof13–17towardORL1andhERG Compounds R1 R2 ORL1bindingaIC50(nM) hERGbindingIC50(nM) LogD7.4 b,,,9,pdfplumber.text+chemical_row_heuristic,0.45,17,,,,,,,unresolved_label,True,,,,,,,,,,ORL1_IC50,61,nM,"17 61 23,000 1.3",raw_unvalidated
1_s2_0_S0960894X09006258_main_text_p3_l9_v2_137,text_property,1-s2.0-S0960894X09006258-main.pdf,3,Table2 Bindingaffinitiesof13–17towardORL1andhERG Compounds R1 R2 ORL1bindingaIC50(nM) hERGbindingIC50(nM) LogD7.4 b,,,9,pdfplumber.text+chemical_row_heuristic,0.45,17,,,,,,,unresolved_label,True,,,,,,,,,,hERG_IC50,"23,000",nM,"17 61 23,000 1.3",raw_unvalidated
1_s2_0_S0960894X09006258_main_text_p3_l9_v3_138,text_property,1-s2.0-S0960894X09006258-main.pdf,3,Table2 Bindingaffinitiesof13–17towardORL1andhERG Compounds R1 R2 ORL1bindingaIC50(nM) hERGbindingIC50(nM) LogD7.4 b,,,9,pdfplumber.text+chemical_row_heuristic,0.45,17,,,,,,,unresolved_label,True,,,,,,,,,,LogD,1.3,,"17 61 23,000 1.3",raw_unvalidated
1_s2_0_S0960894X09006258_main_text_p3_l22_v1_139,text_property,1-s2.0-S0960894X09006258-main.pdf,3,Table3 Compounds R1 R2 ORL1bindingaIC50(nM) AntagonismaIC50(nM) hERGbindingIC50(nM) LogD7.4 b,,,22,pdfplumber.text+chemical_row_heuristic,0.45,17,,,,,,,unresolved_label,True,,,,,,,,,,ORL1_IC50,—,nM,"17 — 30-Cl 61 23,000 1.3",raw_unvalidated
1_s2_0_S0960894X09006258_main_text_p3_l22_v2_140,text_property,1-s2.0-S0960894X09006258-main.pdf,3,Table3 Compounds R1 R2 ORL1bindingaIC50(nM) AntagonismaIC50(nM) hERGbindingIC50(nM) LogD7.4 b,,,22,pdfplumber.text+chemical_row_heuristic,0.45,17,,,,,,,unresolved_label,True,,,,,,,,,,hERG_IC50,61,nM,"17 — 30-Cl 61 23,000 1.3",raw_unvalidated
1_s2_0_S0960894X09006258_main_text_p3_l22_v3_141,text_property,1-s2.0-S0960894X09006258-main.pdf,3,Table3 Compounds R1 R2 ORL1bindingaIC50(nM) AntagonismaIC50(nM) hERGbindingIC50(nM) LogD7.4 b,,,22,pdfplumber.text+chemical_row_heuristic,0.45,17,,,,,,,unresolved_label,True,,,,,,,,,,LogD,"23,000",,"17 — 30-Cl 61 23,000 1.3",raw_unvalidated
1_s2_0_S0960894X09006258_main_text_p3_l22_v4_142,text_property,1-s2.0-S0960894X09006258-main.pdf,3,Table3 Compounds R1 R2 ORL1bindingaIC50(nM) AntagonismaIC50(nM) hERGbindingIC50(nM) LogD7.4 b,,,22,pdfplumber.text+chemical_row_heuristic,0.45,17,,,,,,,unresolved_label,True,,,,,,,,,,table_value_4,1.3,,"17 — 30-Cl 61 23,000 1.3",raw_unvalidated
1_s2_0_S0960894X09006258_main_text_p3_l23_v1_143,text_property,1-s2.0-S0960894X09006258-main.pdf,3,Table3 Compounds R1 R2 ORL1bindingaIC50(nM) AntagonismaIC50(nM) hERGbindingIC50(nM) LogD7.4 b,,,23,pdfplumber.text+chemical_row_heuristic,0.45,18,,,,,,,unresolved_label,True,,,,,,,,,,ORL1_IC50,11,nM,18 6-Cl 30-Cl 11 12 2700 2.1,raw_unvalidated
1_s2_0_S0960894X09006258_main_text_p3_l23_v2_144,text_property,1-s2.0-S0960894X09006258-main.pdf,3,Table3 Compounds R1 R2 ORL1bindingaIC50(nM) AntagonismaIC50(nM) hERGbindingIC50(nM) LogD7.4 b,,,23,pdfplumber.text+chemical_row_heuristic,0.45,18,,,,,,,unresolved_label,True,,,,,,,,,,hERG_IC50,12,nM,18 6-Cl 30-Cl 11 12 2700 2.1,raw_unvalidated
1_s2_0_S0960894X09006258_main_text_p3_l23_v3_145,text_property,1-s2.0-S0960894X09006258-main.pdf,3,Table3 Compounds R1 R2 ORL1bindingaIC50(nM) AntagonismaIC50(nM) hERGbindingIC50(nM) LogD7.4 b,,,23,pdfplumber.text+chemical_row_heuristic,0.45,18,,,,,,,unresolved_label,True,,,,,,,,,,LogD,2700,,18 6-Cl 30-Cl 11 12 2700 2.1,raw_unvalidated
1_s2_0_S0960894X09006258_main_text_p3_l23_v4_146,text_property,1-s2.0-S0960894X09006258-main.pdf,3,Table3 Compounds R1 R2 ORL1bindingaIC50(nM) AntagonismaIC50(nM) hERGbindingIC50(nM) LogD7.4 b,,,23,pdfplumber.text+chemical_row_heuristic,0.45,18,,,,,,,unresolved_label,True,,,,,,,,,,table_value_4,2.1,,18 6-Cl 30-Cl 11 12 2700 2.1,raw_unvalidated
1_s2_0_S0960894X09006258_main_text_p3_l24_v1_147,text_property,1-s2.0-S0960894X09006258-main.pdf,3,Table3 Compounds R1 R2 ORL1bindingaIC50(nM) AntagonismaIC50(nM) hERGbindingIC50(nM) LogD7.4 b,,,24,pdfplumber.text+chemical_row_heuristic,0.45,19,,,,,,,unresolved_label,True,,,,,,,,,,ORL1_IC50,4.0,nM,"19 6-Me 30-Cl 4.0 4.7 16,000 1.7",raw_unvalidated
1_s2_0_S0960894X09006258_main_text_p3_l24_v2_148,text_property,1-s2.0-S0960894X09006258-main.pdf,3,Table3 Compounds R1 R2 ORL1bindingaIC50(nM) AntagonismaIC50(nM) hERGbindingIC50(nM) LogD7.4 b,,,24,pdfplumber.text+chemical_row_heuristic,0.45,19,,,,,,,unresolved_label,True,,,,,,,,,,hERG_IC50,4.7,nM,"19 6-Me 30-Cl 4.0 4.7 16,000 1.7",raw_unvalidated
1_s2_0_S0960894X09006258_main_text_p3_l24_v3_149,text_property,1-s2.0-S0960894X09006258-main.pdf,3,Table3 Compounds R1 R2 ORL1bindingaIC50(nM) AntagonismaIC50(nM) hERGbindingIC50(nM) LogD7.4 b,,,24,pdfplumber.text+chemical_row_heuristic,0.45,19,,,,,,,unresolved_label,True,,,,,,,,,,LogD,"16,000",,"19 6-Me 30-Cl 4.0 4.7 16,000 1.7",raw_unvalidated
1_s2_0_S0960894X09006258_main_text_p3_l24_v4_150,text_property,1-s2.0-S0960894X09006258-main.pdf,3,Table3 Compounds R1 R2 ORL1bindingaIC50(nM) AntagonismaIC50(nM) hERGbindingIC50(nM) LogD7.4 b,,,24,pdfplumber.text+chemical_row_heuristic,0.45,19,,,,,,,unresolved_label,True,,,,,,,,,,table_value_4,1.7,,"19 6-Me 30-Cl 4.0 4.7 16,000 1.7",raw_unvalidated
1_s2_0_S0960894X09006258_main_text_p3_l25_v1_151,text_property,1-s2.0-S0960894X09006258-main.pdf,3,Table3 Compounds R1 R2 ORL1bindingaIC50(nM) AntagonismaIC50(nM) hERGbindingIC50(nM) LogD7.4 b,,,25,pdfplumber.text+chemical_row_heuristic,0.45,20,,,,,,,unresolved_label,True,,,,,,,,,,ORL1_IC50,67,nM,20 6-Et 30-Cl 67 2.0,raw_unvalidated
1_s2_0_S0960894X09006258_main_text_p3_l25_v2_152,text_property,1-s2.0-S0960894X09006258-main.pdf,3,Table3 Compounds R1 R2 ORL1bindingaIC50(nM) AntagonismaIC50(nM) hERGbindingIC50(nM) LogD7.4 b,,,25,pdfplumber.text+chemical_row_heuristic,0.45,20,,,,,,,unresolved_label,True,,,,,,,,,,hERG_IC50,2.0,nM,20 6-Et 30-Cl 67 2.0,raw_unvalidated
1_s2_0_S0960894X09006258_main_text_p3_l26_v1_153,text_property,1-s2.0-S0960894X09006258-main.pdf,3,Table3 Compounds R1 R2 ORL1bindingaIC50(nM) AntagonismaIC50(nM) hERGbindingIC50(nM) LogD7.4 b,,,26,pdfplumber.text+chemical_row_heuristic,0.45,21,,,,,,,unresolved_label,True,,,,,,,,,,ORL1_IC50,270,nM,21 6-CF3 30-Cl 270 2.2,raw_unvalidated
1_s2_0_S0960894X09006258_main_text_p3_l26_v2_154,text_property,1-s2.0-S0960894X09006258-main.pdf,3,Table3 Compounds R1 R2 ORL1bindingaIC50(nM) AntagonismaIC50(nM) hERGbindingIC50(nM) LogD7.4 b,,,26,pdfplumber.text+chemical_row_heuristic,0.45,21,,,,,,,unresolved_label,True,,,,,,,,,,hERG_IC50,2.2,nM,21 6-CF3 30-Cl 270 2.2,raw_unvalidated
1_s2_0_S0960894X09006258_main_text_p3_l27_v1_155,text_property,1-s2.0-S0960894X09006258-main.pdf,3,Table3 Compounds R1 R2 ORL1bindingaIC50(nM) AntagonismaIC50(nM) hERGbindingIC50(nM) LogD7.4 b,,,27,pdfplumber.text+chemical_row_heuristic,0.45,22,,,,,,,unresolved_label,True,,,,,,,,,,ORL1_IC50,13,nM,22 5-Me 30-Cl 13 9000 1.6,raw_unvalidated
1_s2_0_S0960894X09006258_main_text_p3_l27_v2_156,text_property,1-s2.0-S0960894X09006258-main.pdf,3,Table3 Compounds R1 R2 ORL1bindingaIC50(nM) AntagonismaIC50(nM) hERGbindingIC50(nM) LogD7.4 b,,,27,pdfplumber.text+chemical_row_heuristic,0.45,22,,,,,,,unresolved_label,True,,,,,,,,,,hERG_IC50,9000,nM,22 5-Me 30-Cl 13 9000 1.6,raw_unvalidated
1_s2_0_S0960894X09006258_main_text_p3_l27_v3_157,text_property,1-s2.0-S0960894X09006258-main.pdf,3,Table3 Compounds R1 R2 ORL1bindingaIC50(nM) AntagonismaIC50(nM) hERGbindingIC50(nM) LogD7.4 b,,,27,pdfplumber.text+chemical_row_heuristic,0.45,22,,,,,,,unresolved_label,True,,,,,,,,,,LogD,1.6,,22 5-Me 30-Cl 13 9000 1.6,raw_unvalidated
1_s2_0_S0960894X09006258_main_text_p3_l28_v1_158,text_property,1-s2.0-S0960894X09006258-main.pdf,3,Table3 Compounds R1 R2 ORL1bindingaIC50(nM) AntagonismaIC50(nM) hERGbindingIC50(nM) LogD7.4 b,,,28,pdfplumber.text+chemical_row_heuristic,0.45,23,,,,,,,unresolved_label,True,,,,,,,,,,ORL1_IC50,33,nM,23 6-Me 30-Me 33 1.2,raw_unvalidated
1_s2_0_S0960894X09006258_main_text_p3_l28_v2_159,text_property,1-s2.0-S0960894X09006258-main.pdf,3,Table3 Compounds R1 R2 ORL1bindingaIC50(nM) AntagonismaIC50(nM) hERGbindingIC50(nM) LogD7.4 b,,,28,pdfplumber.text+chemical_row_heuristic,0.45,23,,,,,,,unresolved_label,True,,,,,,,,,,hERG_IC50,1.2,nM,23 6-Me 30-Me 33 1.2,raw_unvalidated
1_s2_0_S0960894X09006258_main_text_p3_l29_v1_160,text_property,1-s2.0-S0960894X09006258-main.pdf,3,Table3 Compounds R1 R2 ORL1bindingaIC50(nM) AntagonismaIC50(nM) hERGbindingIC50(nM) LogD7.4 b,,,29,pdfplumber.text+chemical_row_heuristic,0.45,24,,,,,,,unresolved_label,True,,,,,,,,,,ORL1_IC50,36,nM,24 6-Me 30-CF3 36 1.9,raw_unvalidated
1_s2_0_S0960894X09006258_main_text_p3_l29_v2_161,text_property,1-s2.0-S0960894X09006258-main.pdf,3,Table3 Compounds R1 R2 ORL1bindingaIC50(nM) AntagonismaIC50(nM) hERGbindingIC50(nM) LogD7.4 b,,,29,pdfplumber.text+chemical_row_heuristic,0.45,24,,,,,,,unresolved_label,True,,,,,,,,,,hERG_IC50,1.9,nM,24 6-Me 30-CF3 36 1.9,raw_unvalidated
1_s2_0_S0960894X09006258_main_text_p3_l31_v1_162,text_property,1-s2.0-S0960894X09006258-main.pdf,3,Table3 Compounds R1 R2 ORL1bindingaIC50(nM) AntagonismaIC50(nM) hERGbindingIC50(nM) LogD7.4 b,,,31,pdfplumber.text+chemical_row_heuristic,0.45,26,,,,,,,unresolved_label,True,,,,,,,,,,ORL1_IC50,8.2,nM,"26 6-Me 30-Cl,50-Cl 8.2 1200 2.5",raw_unvalidated
1_s2_0_S0960894X09006258_main_text_p3_l31_v2_163,text_property,1-s2.0-S0960894X09006258-main.pdf,3,Table3 Compounds R1 R2 ORL1bindingaIC50(nM) AntagonismaIC50(nM) hERGbindingIC50(nM) LogD7.4 b,,,31,pdfplumber.text+chemical_row_heuristic,0.45,26,,,,,,,unresolved_label,True,,,,,,,,,,hERG_IC50,1200,nM,"26 6-Me 30-Cl,50-Cl 8.2 1200 2.5",raw_unvalidated
1_s2_0_S0960894X09006258_main_text_p3_l31_v3_164,text_property,1-s2.0-S0960894X09006258-main.pdf,3,Table3 Compounds R1 R2 ORL1bindingaIC50(nM) AntagonismaIC50(nM) hERGbindingIC50(nM) LogD7.4 b,,,31,pdfplumber.text+chemical_row_heuristic,0.45,26,,,,,,,unresolved_label,True,,,,,,,,,,LogD,2.5,,"26 6-Me 30-Cl,50-Cl 8.2 1200 2.5",raw_unvalidated
1_s2_0_S0960894X09006258_main_text_p4_l6_v1_165,text_property,1-s2.0-S0960894X09006258-main.pdf,4,Table4 Compounds R1 R2 ORL1bindingaIC50(nM) AntagonismaIC50(nM) hERGbindingIC50(nM) logD7.4 b humanP-gptransportratioc pKa d,,,6,pdfplumber.text+chemical_row_heuristic,0.45,19,,,,,,,unresolved_label,True,,,,,,,,,,ORL1_IC50,4.0,nM,"19 H 4.0 4.7 16,000 1.7 4.1 8.2 4.5",raw_unvalidated
1_s2_0_S0960894X09006258_main_text_p4_l6_v2_166,text_property,1-s2.0-S0960894X09006258-main.pdf,4,Table4 Compounds R1 R2 ORL1bindingaIC50(nM) AntagonismaIC50(nM) hERGbindingIC50(nM) logD7.4 b humanP-gptransportratioc pKa d,,,6,pdfplumber.text+chemical_row_heuristic,0.45,19,,,,,,,unresolved_label,True,,,,,,,,,,hERG_IC50,4.7,nM,"19 H 4.0 4.7 16,000 1.7 4.1 8.2 4.5",raw_unvalidated
1_s2_0_S0960894X09006258_main_text_p4_l6_v3_167,text_property,1-s2.0-S0960894X09006258-main.pdf,4,Table4 Compounds R1 R2 ORL1bindingaIC50(nM) AntagonismaIC50(nM) hERGbindingIC50(nM) logD7.4 b humanP-gptransportratioc pKa d,,,6,pdfplumber.text+chemical_row_heuristic,0.45,19,,,,,,,unresolved_label,True,,,,,,,,,,LogD,"16,000",,"19 H 4.0 4.7 16,000 1.7 4.1 8.2 4.5",raw_unvalidated
1_s2_0_S0960894X09006258_main_text_p4_l6_v4_168,text_property,1-s2.0-S0960894X09006258-main.pdf,4,Table4 Compounds R1 R2 ORL1bindingaIC50(nM) AntagonismaIC50(nM) hERGbindingIC50(nM) logD7.4 b humanP-gptransportratioc pKa d,,,6,pdfplumber.text+chemical_row_heuristic,0.45,19,,,,,,,unresolved_label,True,,,,,,,,,,table_value_4,1.7,,"19 H 4.0 4.7 16,000 1.7 4.1 8.2 4.5",raw_unvalidated
1_s2_0_S0960894X09006258_main_text_p4_l6_v5_169,text_property,1-s2.0-S0960894X09006258-main.pdf,4,Table4 Compounds R1 R2 ORL1bindingaIC50(nM) AntagonismaIC50(nM) hERGbindingIC50(nM) logD7.4 b humanP-gptransportratioc pKa d,,,6,pdfplumber.text+chemical_row_heuristic,0.45,19,,,,,,,unresolved_label,True,,,,,,,,,,table_value_5,4.1,,"19 H 4.0 4.7 16,000 1.7 4.1 8.2 4.5",raw_unvalidated
1_s2_0_S0960894X09006258_main_text_p4_l6_v6_170,text_property,1-s2.0-S0960894X09006258-main.pdf,4,Table4 Compounds R1 R2 ORL1bindingaIC50(nM) AntagonismaIC50(nM) hERGbindingIC50(nM) logD7.4 b humanP-gptransportratioc pKa d,,,6,pdfplumber.text+chemical_row_heuristic,0.45,19,,,,,,,unresolved_label,True,,,,,,,,,,table_value_6,8.2,,"19 H 4.0 4.7 16,000 1.7 4.1 8.2 4.5",raw_unvalidated
1_s2_0_S0960894X09006258_main_text_p4_l6_v7_171,text_property,1-s2.0-S0960894X09006258-main.pdf,4,Table4 Compounds R1 R2 ORL1bindingaIC50(nM) AntagonismaIC50(nM) hERGbindingIC50(nM) logD7.4 b humanP-gptransportratioc pKa d,,,6,pdfplumber.text+chemical_row_heuristic,0.45,19,,,,,,,unresolved_label,True,,,,,,,,,,table_value_7,4.5,,"19 H 4.0 4.7 16,000 1.7 4.1 8.2 4.5",raw_unvalidated
1_s2_0_S0960894X09006258_main_text_p4_l7_v1_172,text_property,1-s2.0-S0960894X09006258-main.pdf,4,Table4 Compounds R1 R2 ORL1bindingaIC50(nM) AntagonismaIC50(nM) hERGbindingIC50(nM) logD7.4 b humanP-gptransportratioc pKa d,,,7,pdfplumber.text+chemical_row_heuristic,0.45,27e,,,,,,,unresolved_label,True,,,,,,,,,,ORL1_IC50,11,nM,"27e H 11 7.1 30,000 2.0 1.9 6.9 4.5",raw_unvalidated
1_s2_0_S0960894X09006258_main_text_p4_l7_v2_173,text_property,1-s2.0-S0960894X09006258-main.pdf,4,Table4 Compounds R1 R2 ORL1bindingaIC50(nM) AntagonismaIC50(nM) hERGbindingIC50(nM) logD7.4 b humanP-gptransportratioc pKa d,,,7,pdfplumber.text+chemical_row_heuristic,0.45,27e,,,,,,,unresolved_label,True,,,,,,,,,,hERG_IC50,7.1,nM,"27e H 11 7.1 30,000 2.0 1.9 6.9 4.5",raw_unvalidated
1_s2_0_S0960894X09006258_main_text_p4_l7_v3_174,text_property,1-s2.0-S0960894X09006258-main.pdf,4,Table4 Compounds R1 R2 ORL1bindingaIC50(nM) AntagonismaIC50(nM) hERGbindingIC50(nM) logD7.4 b humanP-gptransportratioc pKa d,,,7,pdfplumber.text+chemical_row_heuristic,0.45,27e,,,,,,,unresolved_label,True,,,,,,,,,,LogD,"30,000",,"27e H 11 7.1 30,000 2.0 1.9 6.9 4.5",raw_unvalidated
1_s2_0_S0960894X09006258_main_text_p4_l7_v4_175,text_property,1-s2.0-S0960894X09006258-main.pdf,4,Table4 Compounds R1 R2 ORL1bindingaIC50(nM) AntagonismaIC50(nM) hERGbindingIC50(nM) logD7.4 b humanP-gptransportratioc pKa d,,,7,pdfplumber.text+chemical_row_heuristic,0.45,27e,,,,,,,unresolved_label,True,,,,,,,,,,table_value_4,2.0,,"27e H 11 7.1 30,000 2.0 1.9 6.9 4.5",raw_unvalidated
1_s2_0_S0960894X09006258_main_text_p4_l7_v5_176,text_property,1-s2.0-S0960894X09006258-main.pdf,4,Table4 Compounds R1 R2 ORL1bindingaIC50(nM) AntagonismaIC50(nM) hERGbindingIC50(nM) logD7.4 b humanP-gptransportratioc pKa d,,,7,pdfplumber.text+chemical_row_heuristic,0.45,27e,,,,,,,unresolved_label,True,,,,,,,,,,table_value_5,1.9,,"27e H 11 7.1 30,000 2.0 1.9 6.9 4.5",raw_unvalidated
1_s2_0_S0960894X09006258_main_text_p4_l7_v6_177,text_property,1-s2.0-S0960894X09006258-main.pdf,4,Table4 Compounds R1 R2 ORL1bindingaIC50(nM) AntagonismaIC50(nM) hERGbindingIC50(nM) logD7.4 b humanP-gptransportratioc pKa d,,,7,pdfplumber.text+chemical_row_heuristic,0.45,27e,,,,,,,unresolved_label,True,,,,,,,,,,table_value_6,6.9,,"27e H 11 7.1 30,000 2.0 1.9 6.9 4.5",raw_unvalidated
1_s2_0_S0960894X09006258_main_text_p4_l7_v7_178,text_property,1-s2.0-S0960894X09006258-main.pdf,4,Table4 Compounds R1 R2 ORL1bindingaIC50(nM) AntagonismaIC50(nM) hERGbindingIC50(nM) logD7.4 b humanP-gptransportratioc pKa d,,,7,pdfplumber.text+chemical_row_heuristic,0.45,27e,,,,,,,unresolved_label,True,,,,,,,,,,table_value_7,4.5,,"27e H 11 7.1 30,000 2.0 1.9 6.9 4.5",raw_unvalidated
1_s2_0_S0960894X09006258_main_text_p4_l8_v1_179,text_property,1-s2.0-S0960894X09006258-main.pdf,4,Table4 Compounds R1 R2 ORL1bindingaIC50(nM) AntagonismaIC50(nM) hERGbindingIC50(nM) logD7.4 b humanP-gptransportratioc pKa d,,,8,pdfplumber.text+chemical_row_heuristic,0.45,28e,,,,,,,unresolved_label,True,,,,,,,,,,ORL1_IC50,2.5,nM,"28e H 2.5 1.0 29,000 1.3 4.4 7.4 4.5",raw_unvalidated
1_s2_0_S0960894X09006258_main_text_p4_l8_v2_180,text_property,1-s2.0-S0960894X09006258-main.pdf,4,Table4 Compounds R1 R2 ORL1bindingaIC50(nM) AntagonismaIC50(nM) hERGbindingIC50(nM) logD7.4 b humanP-gptransportratioc pKa d,,,8,pdfplumber.text+chemical_row_heuristic,0.45,28e,,,,,,,unresolved_label,True,,,,,,,,,,hERG_IC50,1.0,nM,"28e H 2.5 1.0 29,000 1.3 4.4 7.4 4.5",raw_unvalidated
1_s2_0_S0960894X09006258_main_text_p4_l8_v3_181,text_property,1-s2.0-S0960894X09006258-main.pdf,4,Table4 Compounds R1 R2 ORL1bindingaIC50(nM) AntagonismaIC50(nM) hERGbindingIC50(nM) logD7.4 b humanP-gptransportratioc pKa d,,,8,pdfplumber.text+chemical_row_heuristic,0.45,28e,,,,,,,unresolved_label,True,,,,,,,,,,LogD,"29,000",,"28e H 2.5 1.0 29,000 1.3 4.4 7.4 4.5",raw_unvalidated
1_s2_0_S0960894X09006258_main_text_p4_l8_v4_182,text_property,1-s2.0-S0960894X09006258-main.pdf,4,Table4 Compounds R1 R2 ORL1bindingaIC50(nM) AntagonismaIC50(nM) hERGbindingIC50(nM) logD7.4 b humanP-gptransportratioc pKa d,,,8,pdfplumber.text+chemical_row_heuristic,0.45,28e,,,,,,,unresolved_label,True,,,,,,,,,,table_value_4,1.3,,"28e H 2.5 1.0 29,000 1.3 4.4 7.4 4.5",raw_unvalidated
1_s2_0_S0960894X09006258_main_text_p4_l8_v5_183,text_property,1-s2.0-S0960894X09006258-main.pdf,4,Table4 Compounds R1 R2 ORL1bindingaIC50(nM) AntagonismaIC50(nM) hERGbindingIC50(nM) logD7.4 b humanP-gptransportratioc pKa d,,,8,pdfplumber.text+chemical_row_heuristic,0.45,28e,,,,,,,unresolved_label,True,,,,,,,,,,table_value_5,4.4,,"28e H 2.5 1.0 29,000 1.3 4.4 7.4 4.5",raw_unvalidated
1_s2_0_S0960894X09006258_main_text_p4_l8_v6_184,text_property,1-s2.0-S0960894X09006258-main.pdf,4,Table4 Compounds R1 R2 ORL1bindingaIC50(nM) AntagonismaIC50(nM) hERGbindingIC50(nM) logD7.4 b humanP-gptransportratioc pKa d,,,8,pdfplumber.text+chemical_row_heuristic,0.45,28e,,,,,,,unresolved_label,True,,,,,,,,,,table_value_6,7.4,,"28e H 2.5 1.0 29,000 1.3 4.4 7.4 4.5",raw_unvalidated
1_s2_0_S0960894X09006258_main_text_p4_l8_v7_185,text_property,1-s2.0-S0960894X09006258-main.pdf,4,Table4 Compounds R1 R2 ORL1bindingaIC50(nM) AntagonismaIC50(nM) hERGbindingIC50(nM) logD7.4 b humanP-gptransportratioc pKa d,,,8,pdfplumber.text+chemical_row_heuristic,0.45,28e,,,,,,,unresolved_label,True,,,,,,,,,,table_value_7,4.5,,"28e H 2.5 1.0 29,000 1.3 4.4 7.4 4.5",raw_unvalidated
1_s2_0_S0960894X09006258_main_text_p4_l9_v1_186,text_property,1-s2.0-S0960894X09006258-main.pdf,4,Table4 Compounds R1 R2 ORL1bindingaIC50(nM) AntagonismaIC50(nM) hERGbindingIC50(nM) logD7.4 b humanP-gptransportratioc pKa d,,,9,pdfplumber.text+chemical_row_heuristic,0.45,29e,,,,,,,unresolved_label,True,,,,,,,,,,ORL1_IC50,9.3,nM,"29e H 9.3 4.5 21,000 2.1 1.4 6.5 4.5",raw_unvalidated
1_s2_0_S0960894X09006258_main_text_p4_l9_v2_187,text_property,1-s2.0-S0960894X09006258-main.pdf,4,Table4 Compounds R1 R2 ORL1bindingaIC50(nM) AntagonismaIC50(nM) hERGbindingIC50(nM) logD7.4 b humanP-gptransportratioc pKa d,,,9,pdfplumber.text+chemical_row_heuristic,0.45,29e,,,,,,,unresolved_label,True,,,,,,,,,,hERG_IC50,4.5,nM,"29e H 9.3 4.5 21,000 2.1 1.4 6.5 4.5",raw_unvalidated
1_s2_0_S0960894X09006258_main_text_p4_l9_v3_188,text_property,1-s2.0-S0960894X09006258-main.pdf,4,Table4 Compounds R1 R2 ORL1bindingaIC50(nM) AntagonismaIC50(nM) hERGbindingIC50(nM) logD7.4 b humanP-gptransportratioc pKa d,,,9,pdfplumber.text+chemical_row_heuristic,0.45,29e,,,,,,,unresolved_label,True,,,,,,,,,,LogD,"21,000",,"29e H 9.3 4.5 21,000 2.1 1.4 6.5 4.5",raw_unvalidated
1_s2_0_S0960894X09006258_main_text_p4_l9_v4_189,text_property,1-s2.0-S0960894X09006258-main.pdf,4,Table4 Compounds R1 R2 ORL1bindingaIC50(nM) AntagonismaIC50(nM) hERGbindingIC50(nM) logD7.4 b humanP-gptransportratioc pKa d,,,9,pdfplumber.text+chemical_row_heuristic,0.45,29e,,,,,,,unresolved_label,True,,,,,,,,,,table_value_4,2.1,,"29e H 9.3 4.5 21,000 2.1 1.4 6.5 4.5",raw_unvalidated
1_s2_0_S0960894X09006258_main_text_p4_l9_v5_190,text_property,1-s2.0-S0960894X09006258-main.pdf,4,Table4 Compounds R1 R2 ORL1bindingaIC50(nM) AntagonismaIC50(nM) hERGbindingIC50(nM) logD7.4 b humanP-gptransportratioc pKa d,,,9,pdfplumber.text+chemical_row_heuristic,0.45,29e,,,,,,,unresolved_label,True,,,,,,,,,,table_value_5,1.4,,"29e H 9.3 4.5 21,000 2.1 1.4 6.5 4.5",raw_unvalidated
1_s2_0_S0960894X09006258_main_text_p4_l9_v6_191,text_property,1-s2.0-S0960894X09006258-main.pdf,4,Table4 Compounds R1 R2 ORL1bindingaIC50(nM) AntagonismaIC50(nM) hERGbindingIC50(nM) logD7.4 b humanP-gptransportratioc pKa d,,,9,pdfplumber.text+chemical_row_heuristic,0.45,29e,,,,,,,unresolved_label,True,,,,,,,,,,table_value_6,6.5,,"29e H 9.3 4.5 21,000 2.1 1.4 6.5 4.5",raw_unvalidated
1_s2_0_S0960894X09006258_main_text_p4_l9_v7_192,text_property,1-s2.0-S0960894X09006258-main.pdf,4,Table4 Compounds R1 R2 ORL1bindingaIC50(nM) AntagonismaIC50(nM) hERGbindingIC50(nM) logD7.4 b humanP-gptransportratioc pKa d,,,9,pdfplumber.text+chemical_row_heuristic,0.45,29e,,,,,,,unresolved_label,True,,,,,,,,,,table_value_7,4.5,,"29e H 9.3 4.5 21,000 2.1 1.4 6.5 4.5",raw_unvalidated
1_s2_0_S0960894X09006258_main_text_p4_l10_v1_193,text_property,1-s2.0-S0960894X09006258-main.pdf,4,Table4 Compounds R1 R2 ORL1bindingaIC50(nM) AntagonismaIC50(nM) hERGbindingIC50(nM) logD7.4 b humanP-gptransportratioc pKa d,,,10,pdfplumber.text+chemical_row_heuristic,0.45,30,,,,,,,unresolved_label,True,,,,,,,,,,ORL1_IC50,1.1,nM,"30 F 1.1 1.2 23,000 2.1 2.3 8.2 2.1",raw_unvalidated
1_s2_0_S0960894X09006258_main_text_p4_l10_v2_194,text_property,1-s2.0-S0960894X09006258-main.pdf,4,Table4 Compounds R1 R2 ORL1bindingaIC50(nM) AntagonismaIC50(nM) hERGbindingIC50(nM) logD7.4 b humanP-gptransportratioc pKa d,,,10,pdfplumber.text+chemical_row_heuristic,0.45,30,,,,,,,unresolved_label,True,,,,,,,,,,hERG_IC50,1.2,nM,"30 F 1.1 1.2 23,000 2.1 2.3 8.2 2.1",raw_unvalidated
1_s2_0_S0960894X09006258_main_text_p4_l10_v3_195,text_property,1-s2.0-S0960894X09006258-main.pdf,4,Table4 Compounds R1 R2 ORL1bindingaIC50(nM) AntagonismaIC50(nM) hERGbindingIC50(nM) logD7.4 b humanP-gptransportratioc pKa d,,,10,pdfplumber.text+chemical_row_heuristic,0.45,30,,,,,,,unresolved_label,True,,,,,,,,,,LogD,"23,000",,"30 F 1.1 1.2 23,000 2.1 2.3 8.2 2.1",raw_unvalidated
1_s2_0_S0960894X09006258_main_text_p4_l10_v4_196,text_property,1-s2.0-S0960894X09006258-main.pdf,4,Table4 Compounds R1 R2 ORL1bindingaIC50(nM) AntagonismaIC50(nM) hERGbindingIC50(nM) logD7.4 b humanP-gptransportratioc pKa d,,,10,pdfplumber.text+chemical_row_heuristic,0.45,30,,,,,,,unresolved_label,True,,,,,,,,,,table_value_4,2.1,,"30 F 1.1 1.2 23,000 2.1 2.3 8.2 2.1",raw_unvalidated
1_s2_0_S0960894X09006258_main_text_p4_l10_v5_197,text_property,1-s2.0-S0960894X09006258-main.pdf,4,Table4 Compounds R1 R2 ORL1bindingaIC50(nM) AntagonismaIC50(nM) hERGbindingIC50(nM) logD7.4 b humanP-gptransportratioc pKa d,,,10,pdfplumber.text+chemical_row_heuristic,0.45,30,,,,,,,unresolved_label,True,,,,,,,,,,table_value_5,2.3,,"30 F 1.1 1.2 23,000 2.1 2.3 8.2 2.1",raw_unvalidated
1_s2_0_S0960894X09006258_main_text_p4_l10_v6_198,text_property,1-s2.0-S0960894X09006258-main.pdf,4,Table4 Compounds R1 R2 ORL1bindingaIC50(nM) AntagonismaIC50(nM) hERGbindingIC50(nM) logD7.4 b humanP-gptransportratioc pKa d,,,10,pdfplumber.text+chemical_row_heuristic,0.45,30,,,,,,,unresolved_label,True,,,,,,,,,,table_value_6,8.2,,"30 F 1.1 1.2 23,000 2.1 2.3 8.2 2.1",raw_unvalidated
1_s2_0_S0960894X09006258_main_text_p4_l10_v7_199,text_property,1-s2.0-S0960894X09006258-main.pdf,4,Table4 Compounds R1 R2 ORL1bindingaIC50(nM) AntagonismaIC50(nM) hERGbindingIC50(nM) logD7.4 b humanP-gptransportratioc pKa d,,,10,pdfplumber.text+chemical_row_heuristic,0.45,30,,,,,,,unresolved_label,True,,,,,,,,,,table_value_7,2.1,,"30 F 1.1 1.2 23,000 2.1 2.3 8.2 2.1",raw_unvalidated
1_s2_0_S0960894X09006258_main_text_p4_l11_v1_200,text_property,1-s2.0-S0960894X09006258-main.pdf,4,Table4 Compounds R1 R2 ORL1bindingaIC50(nM) AntagonismaIC50(nM) hERGbindingIC50(nM) logD7.4 b humanP-gptransportratioc pKa d,,,11,pdfplumber.text+chemical_row_heuristic,0.45,31,,,,,,,unresolved_label,True,,,,,,,,,,ORL1_IC50,0.52,nM,"31 F 0.52 0.31 41,000 1.8 1.7 7.4 2.1",raw_unvalidated
1_s2_0_S0960894X09006258_main_text_p4_l11_v2_201,text_property,1-s2.0-S0960894X09006258-main.pdf,4,Table4 Compounds R1 R2 ORL1bindingaIC50(nM) AntagonismaIC50(nM) hERGbindingIC50(nM) logD7.4 b humanP-gptransportratioc pKa d,,,11,pdfplumber.text+chemical_row_heuristic,0.45,31,,,,,,,unresolved_label,True,,,,,,,,,,hERG_IC50,0.31,nM,"31 F 0.52 0.31 41,000 1.8 1.7 7.4 2.1",raw_unvalidated
1_s2_0_S0960894X09006258_main_text_p4_l11_v3_202,text_property,1-s2.0-S0960894X09006258-main.pdf,4,Table4 Compounds R1 R2 ORL1bindingaIC50(nM) AntagonismaIC50(nM) hERGbindingIC50(nM) logD7.4 b humanP-gptransportratioc pKa d,,,11,pdfplumber.text+chemical_row_heuristic,0.45,31,,,,,,,unresolved_label,True,,,,,,,,,,LogD,"41,000",,"31 F 0.52 0.31 41,000 1.8 1.7 7.4 2.1",raw_unvalidated
1_s2_0_S0960894X09006258_main_text_p4_l11_v4_203,text_property,1-s2.0-S0960894X09006258-main.pdf,4,Table4 Compounds R1 R2 ORL1bindingaIC50(nM) AntagonismaIC50(nM) hERGbindingIC50(nM) logD7.4 b humanP-gptransportratioc pKa d,,,11,pdfplumber.text+chemical_row_heuristic,0.45,31,,,,,,,unresolved_label,True,,,,,,,,,,table_value_4,1.8,,"31 F 0.52 0.31 41,000 1.8 1.7 7.4 2.1",raw_unvalidated
1_s2_0_S0960894X09006258_main_text_p4_l11_v5_204,text_property,1-s2.0-S0960894X09006258-main.pdf,4,Table4 Compounds R1 R2 ORL1bindingaIC50(nM) AntagonismaIC50(nM) hERGbindingIC50(nM) logD7.4 b humanP-gptransportratioc pKa d,,,11,pdfplumber.text+chemical_row_heuristic,0.45,31,,,,,,,unresolved_label,True,,,,,,,,,,table_value_5,1.7,,"31 F 0.52 0.31 41,000 1.8 1.7 7.4 2.1",raw_unvalidated
1_s2_0_S0960894X09006258_main_text_p4_l11_v6_205,text_property,1-s2.0-S0960894X09006258-main.pdf,4,Table4 Compounds R1 R2 ORL1bindingaIC50(nM) AntagonismaIC50(nM) hERGbindingIC50(nM) logD7.4 b humanP-gptransportratioc pKa d,,,11,pdfplumber.text+chemical_row_heuristic,0.45,31,,,,,,,unresolved_label,True,,,,,,,,,,table_value_6,7.4,,"31 F 0.52 0.31 41,000 1.8 1.7 7.4 2.1",raw_unvalidated
1_s2_0_S0960894X09006258_main_text_p4_l11_v7_206,text_property,1-s2.0-S0960894X09006258-main.pdf,4,Table4 Compounds R1 R2 ORL1bindingaIC50(nM) AntagonismaIC50(nM) hERGbindingIC50(nM) logD7.4 b humanP-gptransportratioc pKa d,,,11,pdfplumber.text+chemical_row_heuristic,0.45,31,,,,,,,unresolved_label,True,,,,,,,,,,table_value_7,2.1,,"31 F 0.52 0.31 41,000 1.8 1.7 7.4 2.1",raw_unvalidated
1_s2_0_S0960894X09006258_main_text_p4_l26_v1_207,text_property,1-s2.0-S0960894X09006258-main.pdf,4,"Table5 Compounds BindingIC50(nM) ORL1 la ja 1997,9,194.",,,26,pdfplumber.text+chemical_row_heuristic,0.45,31,,,,,,,unresolved_label,True,,,,,,,,,,IC50,0.52,nM,"31 0.52 5600 530 8. Pomonis,J.D.;Billington,C.J.;Levine,A.S.Neuroreport1996,8,369.",raw_unvalidated
1_s2_0_S0960894X09006258_main_text_p4_l26_v2_208,text_property,1-s2.0-S0960894X09006258-main.pdf,4,"Table5 Compounds BindingIC50(nM) ORL1 la ja 1997,9,194.",,,26,pdfplumber.text+chemical_row_heuristic,0.45,31,,,,,,,unresolved_label,True,,,,,,,,,,table_value_2,5600,,"31 0.52 5600 530 8. Pomonis,J.D.;Billington,C.J.;Levine,A.S.Neuroreport1996,8,369.",raw_unvalidated
1_s2_0_S0960894X09006258_main_text_p4_l26_v3_209,text_property,1-s2.0-S0960894X09006258-main.pdf,4,"Table5 Compounds BindingIC50(nM) ORL1 la ja 1997,9,194.",,,26,pdfplumber.text+chemical_row_heuristic,0.45,31,,,,,,,unresolved_label,True,,,,,,,,,,table_value_3,530,,"31 0.52 5600 530 8. Pomonis,J.D.;Billington,C.J.;Levine,A.S.Neuroreport1996,8,369.",raw_unvalidated
1_s2_0_S0960894X09006258_main_text_p4_l26_v4_210,text_property,1-s2.0-S0960894X09006258-main.pdf,4,"Table5 Compounds BindingIC50(nM) ORL1 la ja 1997,9,194.",,,26,pdfplumber.text+chemical_row_heuristic,0.45,31,,,,,,,unresolved_label,True,,,,,,,,,,table_value_4,8.,,"31 0.52 5600 530 8. Pomonis,J.D.;Billington,C.J.;Levine,A.S.Neuroreport1996,8,369.",raw_unvalidated
